time,wh_4061,wp_peak,wvdir,water_depth
2025-01-23 00:00:00,0.863451746394266,5.847953216374269,70.0,21.358337
2025-01-23 01:00:00,0.8261279046513119,5.847953216374269,74.0,21.028902
2025-01-23 02:00:00,0.8060274640602956,5.361930294906166,64.0,20.666761
2025-01-23 03:00:00,0.8367405253063531,5.847953216374269,78.0,20.400822
2025-01-23 04:00:00,0.7072487580760023,5.361930294906166,74.0,20.270443
2025-01-23 05:00:00,0.7019387186734314,5.361930294906166,74.0,20.325024
2025-01-23 06:00:00,0.6798162979355985,5.847953216374269,78.0,20.54282
2025-01-23 07:00:00,0.6746231569281113,5.361930294906166,70.0,20.895338
2025-01-23 08:00:00,0.6739087775422885,5.361930294906166,76.0,21.282381
2025-01-23 09:00:00,0.6819706528842389,6.430868167202571,82.0,21.62777
2025-01-23 10:00:00,0.7325623992647238,7.142857142857142,88.0,21.81703
2025-01-23 11:00:00,0.7288744804980167,6.430868167202571,86.0,21.830776
2025-01-23 12:00:00,0.7361201242312126,7.142857142857142,92.0,21.665148
2025-01-23 13:00:00,0.7839008825969634,7.142857142857142,86.0,21.351524
2025-01-23 14:00:00,0.7672269982724057,8.032128514056225,94.0,20.948198
2025-01-23 15:00:00,0.6774643567665212,8.032128514056225,94.0,20.569693
2025-01-23 16:00:00,0.6962802690183048,7.142857142857142,88.0,20.306326
2025-01-23 17:00:00,0.6585460556348304,7.142857142857142,92.0,20.19463
2025-01-23 18:00:00,0.694323483723177,7.142857142857142,90.0,20.260624
2025-01-23 19:00:00,0.7489026393673568,6.430868167202571,92.0,20.495705
2025-01-23 20:00:00,0.7970007589336198,5.361930294906166,100.0,20.828482
2025-01-23 21:00:00,0.8110683315493171,5.847953216374269,102.0,21.181427
2025-01-23 22:00:00,0.8525674309949609,5.361930294906166,114.0,21.448832
2025-01-23 23:00:00,0.8697429609839026,5.847953216374269,110.0,21.587881
2025-01-24 00:00:00,0.8188702835465309,5.847953216374269,110.0,21.569149
2025-01-24 01:00:00,0.7747591207195439,5.847953216374269,112.0,21.371315
2025-01-24 02:00:00,0.7238055157271833,5.847953216374269,110.0,21.071203
2025-01-24 03:00:00,0.6787884894180515,5.847953216374269,110.0,20.723331
2025-01-24 04:00:00,0.680210997784969,5.361930294906166,112.0,20.48085
2025-01-24 05:00:00,0.6155825609464025,5.847953216374269,102.0,20.374142
2025-01-24 06:00:00,0.5861501175903417,5.361930294906166,108.0,20.450035
2025-01-24 07:00:00,0.6636191860163843,4.9504950495049505,22.0,20.678547
2025-01-24 08:00:00,0.7758301903387972,5.361930294906166,28.0,21.013744
2025-01-24 09:00:00,0.7549061001632723,5.361930294906166,18.0,21.394583
2025-01-24 10:00:00,0.7205819980634729,5.361930294906166,2.0,21.708069
2025-01-24 11:00:00,0.7134299829260222,5.361930294906166,2.0,21.88086
2025-01-24 12:00:00,0.7325517622863215,5.361930294906166,2.0,21.87956
2025-01-24 13:00:00,0.7579567248431354,5.361930294906166,2.0,21.694384
2025-01-24 14:00:00,0.7078693340372435,4.9504950495049505,2.0,21.365938
2025-01-24 15:00:00,0.6621541822924214,4.9504950495049505,2.0,20.96416
2025-01-24 16:00:00,0.6567272124150959,4.9504950495049505,2.0,20.594517
2025-01-24 17:00:00,0.6119044766024309,4.9504950495049505,2.0,20.314373
2025-01-24 18:00:00,0.5937029096879558,4.9504950495049505,2.0,20.20636
2025-01-24 19:00:00,0.5858025132267627,10.695187165775401,86.0,20.273046
2025-01-24 20:00:00,0.5816253771403455,9.174311926605505,90.0,20.50957
2025-01-24 21:00:00,0.6069855438940832,9.174311926605505,98.0,20.827244
2025-01-24 22:00:00,0.5736816679302262,10.695187165775401,88.0,21.162275
2025-01-24 23:00:00,0.5489567623639119,9.174311926605505,98.0,21.416128
2025-01-25 00:00:00,0.5540149437014728,9.174311926605505,100.0,21.554268
2025-01-25 01:00:00,0.6041002085229404,9.174311926605505,100.0,21.508259
2025-01-25 02:00:00,0.6799549528751428,4.0241448692152915,2.0,21.304653
2025-01-25 03:00:00,0.6934263846146967,4.597701149425287,2.0,20.994535
2025-01-25 04:00:00,0.7905115479641821,4.9504950495049505,2.0,20.690733
2025-01-25 05:00:00,0.8188218492810281,5.847953216374269,2.0,20.461908
2025-01-25 06:00:00,0.8401486207026323,5.361930294906166,2.0,20.38333
2025-01-25 07:00:00,0.7654737644386638,5.361930294906166,2.0,20.48069
2025-01-25 08:00:00,0.8383806162202264,5.361930294906166,18.0,20.752071
2025-01-25 09:00:00,0.9008288257413498,5.361930294906166,2.0,21.123857
2025-01-25 10:00:00,0.8545630697622336,5.361930294906166,20.0,21.522675
2025-01-25 11:00:00,0.8341063886983067,5.361930294906166,2.0,21.837185
2025-01-25 12:00:00,0.7644239043685834,5.361930294906166,18.0,22.003967
2025-01-25 13:00:00,0.7945447262617915,5.361930294906166,2.0,21.972445
2025-01-25 14:00:00,0.7034646015943606,5.361930294906166,2.0,21.741253
2025-01-25 15:00:00,0.7491732226873117,4.9504950495049505,358.0,21.358065
2025-01-25 16:00:00,0.6857675227774332,4.9504950495049505,2.0,20.900602
2025-01-25 17:00:00,0.6532861733089669,4.597701149425287,356.0,20.476595
2025-01-25 18:00:00,0.5900464834676808,4.9504950495049505,2.0,20.165144
2025-01-25 19:00:00,0.47933780420838146,4.291845493562232,356.0,20.069923
2025-01-25 20:00:00,0.40488916369889894,4.0241448692152915,356.0,20.170828
2025-01-25 21:00:00,0.4056514199907504,4.291845493562232,2.0,20.413795
2025-01-25 22:00:00,0.4588006468751095,4.291845493562232,0.0,20.754644
2025-01-25 23:00:00,0.4362199789658148,4.291845493562232,356.0,21.128254
2025-01-26 00:00:00,0.41394805468204304,4.291845493562232,356.0,21.425629
2025-01-26 01:00:00,0.4108479537443882,4.0241448692152915,356.0,21.55176
2025-01-26 02:00:00,0.41786183430309004,1.7905102954341987,238.0,21.475107
2025-01-26 03:00:00,0.3655274433079585,8.032128514056225,120.0,21.250952
2025-01-26 04:00:00,0.35801328867752447,9.174311926605505,112.0,20.922924
2025-01-26 05:00:00,0.3341364488640267,10.695187165775401,114.0,20.577295
2025-01-26 06:00:00,0.30038908700643674,9.174311926605505,112.0,20.327204
2025-01-26 07:00:00,0.29215105278120806,8.032128514056225,118.0,20.260668
2025-01-26 08:00:00,0.3145663623833483,4.597701149425287,358.0,20.395308
2025-01-26 09:00:00,0.32768350211331293,6.430868167202571,134.0,20.701084
2025-01-26 10:00:00,0.34610001205923374,6.430868167202571,134.0,21.107468
2025-01-26 11:00:00,0.3483108825722087,4.597701149425287,138.0,21.552908
2025-01-26 12:00:00,0.3651493288266315,4.597701149425287,122.0,21.897335
2025-01-26 13:00:00,0.380451493951271,4.291845493562232,136.0,22.073341
2025-01-26 14:00:00,0.4260735166485579,4.0241448692152915,130.0,22.024996
2025-01-26 15:00:00,0.4958499077158613,4.0241448692152915,140.0,21.766605
2025-01-26 16:00:00,0.4476092781199251,5.361930294906166,134.0,21.345018
2025-01-26 17:00:00,0.42115632970311473,4.291845493562232,140.0,20.851788
2025-01-26 18:00:00,0.359301293836195,4.597701149425287,130.0,20.394814
2025-01-26 19:00:00,0.3496521256468199,4.597701149425287,132.0,20.106739
2025-01-26 20:00:00,0.3588557819343837,4.291845493562232,136.0,20.013323
2025-01-26 21:00:00,0.5041166348155515,5.361930294906166,14.0,20.125746
2025-01-26 22:00:00,0.7132234062214814,4.291845493562232,356.0,20.42414
2025-01-26 23:00:00,0.696436085608452,4.291845493562232,356.0,20.818857
2025-01-27 00:00:00,0.656878988415277,4.0241448692152915,334.0,21.209078
2025-01-27 01:00:00,0.633804136976187,4.9504950495049505,356.0,21.498524
2025-01-27 02:00:00,0.6126679271021528,5.361930294906166,358.0,21.608686
2025-01-27 03:00:00,0.6005542629944256,4.9504950495049505,356.0,21.526249
2025-01-27 04:00:00,0.5509014198226575,5.847953216374269,2.0,21.273443
2025-01-27 05:00:00,0.5175263240216122,8.032128514056225,124.0,20.929409
2025-01-27 06:00:00,0.4331748821657796,5.361930294906166,26.0,20.583359
2025-01-27 07:00:00,0.4018739221243725,4.9504950495049505,2.0,20.354921
2025-01-27 08:00:00,0.4006728241871614,4.597701149425287,0.0,20.32277
2025-01-27 09:00:00,0.41344355145273676,4.9504950495049505,356.0,20.510157
2025-01-27 10:00:00,0.4333001293253976,4.597701149425287,356.0,20.843538
2025-01-27 11:00:00,0.4390273380014673,4.597701149425287,356.0,21.292675
2025-01-27 12:00:00,0.3552035599496361,4.597701149425287,356.0,21.747469
2025-01-27 13:00:00,0.3451223877128667,7.142857142857142,126.0,22.078928
2025-01-27 14:00:00,0.38517639959663164,8.032128514056225,124.0,22.19885
2025-01-27 15:00:00,0.4198135986277272,8.032128514056225,122.0,22.098124
2025-01-27 16:00:00,0.3874511944209468,7.142857142857142,118.0,21.75826
2025-01-27 17:00:00,0.3796514531349443,8.032128514056225,132.0,21.263237
2025-01-27 18:00:00,0.3685310593020728,8.032128514056225,120.0,20.712826
2025-01-27 19:00:00,0.40748878770182284,3.7878787878787876,128.0,20.26324
2025-01-27 20:00:00,0.5114494916495927,3.3898305084745757,124.0,19.995209
2025-01-27 21:00:00,0.5196791528423006,3.067484662576687,78.0,19.978851
2025-01-27 22:00:00,0.5048918790237571,4.291845493562232,140.0,20.176735
2025-01-27 23:00:00,0.5226260458665266,3.7878787878787876,152.0,20.572517
2025-01-28 00:00:00,0.5983399476561687,4.597701149425287,148.0,21.060343
2025-01-28 01:00:00,0.6569104491546774,4.597701149425287,152.0,21.493011
2025-01-28 02:00:00,0.7058780508858911,4.597701149425287,146.0,21.765156
2025-01-28 03:00:00,0.7067012913909831,4.597701149425287,152.0,21.818872
2025-01-28 04:00:00,0.8371336276006626,5.361930294906166,154.0,21.66516
2025-01-28 05:00:00,0.9057690084747869,5.361930294906166,148.0,21.31701
2025-01-28 06:00:00,0.8652622171111788,6.430868167202571,138.0,20.882004
2025-01-28 07:00:00,0.7122303653292188,7.142857142857142,130.0,20.485283
2025-01-28 08:00:00,0.6288261843056279,5.847953216374269,130.0,20.259485
2025-01-28 09:00:00,0.4744926949859047,5.361930294906166,128.0,20.27135
2025-01-28 10:00:00,0.4697387701744876,4.597701149425287,140.0,20.524931
2025-01-28 11:00:00,0.4689503728574976,5.847953216374269,118.0,20.96103
2025-01-28 12:00:00,0.4745877842684689,4.291845493562232,136.0,21.491829
2025-01-28 13:00:00,0.49452697159610176,4.9504950495049505,130.0,21.984554
2025-01-28 14:00:00,0.5024917205376298,5.361930294906166,122.0,22.29027
2025-01-28 15:00:00,0.4889078430856599,7.142857142857142,122.0,22.327763
2025-01-28 16:00:00,0.5378618992055835,8.032128514056225,114.0,22.111963
2025-01-28 17:00:00,0.6281543603983509,2.928257686676427,236.0,21.68041
2025-01-28 18:00:00,0.7137563915020972,2.386634844868735,60.0,21.07636
2025-01-28 19:00:00,0.7406112147726911,6.430868167202571,18.0,20.48506
2025-01-28 20:00:00,0.7505223484882866,4.291845493562232,356.0,20.057777
2025-01-28 21:00:00,0.8274566034044232,6.430868167202571,22.0,19.82341
2025-01-28 22:00:00,1.1244349264468185,7.142857142857142,24.0,19.884546
2025-01-28 23:00:00,0.9843688775261462,6.430868167202571,20.0,20.169365
2025-01-29 00:00:00,0.9572642381951041,7.142857142857142,18.0,20.644258
2025-01-29 01:00:00,0.8807154599963744,7.142857142857142,2.0,21.166418
2025-01-29 02:00:00,0.8520023482631535,6.430868167202571,2.0,21.621952
2025-01-29 03:00:00,0.7386457620343873,6.430868167202571,2.0,21.907005
2025-01-29 04:00:00,0.7585723373432596,5.847953216374269,2.0,21.944712
2025-01-29 05:00:00,1.0779053780640706,5.847953216374269,20.0,21.737024
2025-01-29 06:00:00,0.6259892412913961,5.361930294906166,2.0,21.35567
2025-01-29 07:00:00,0.619760716371464,4.9504950495049505,20.0,20.91397
2025-01-29 08:00:00,0.8300949863270659,3.067484662576687,72.0,20.535427
2025-01-29 09:00:00,0.9369902611703776,3.577817531305903,152.0,20.35143
2025-01-29 10:00:00,1.0031611547552075,4.291845493562232,150.0,20.431328
2025-01-29 11:00:00,0.9379733624932582,4.597701149425287,146.0,20.763176
2025-01-29 12:00:00,0.8767097835891386,4.597701149425287,140.0,21.237402
2025-01-29 13:00:00,0.7940386242743622,4.597701149425287,134.0,21.785238
2025-01-29 14:00:00,0.6940674282952779,4.9504950495049505,134.0,22.26559
2025-01-29 15:00:00,0.6482199255079947,4.9504950495049505,132.0,22.540434
2025-01-29 16:00:00,0.760401648644655,5.361930294906166,138.0,22.513338
2025-01-29 17:00:00,0.7579642412950904,7.142857142857142,136.0,22.230637
2025-01-29 18:00:00,0.7644985839392551,6.430868167202571,140.0,21.696468
2025-01-29 19:00:00,0.719495683939945,7.142857142857142,126.0,21.070715
2025-01-29 20:00:00,0.6424901470612491,6.430868167202571,124.0,20.466341
2025-01-29 21:00:00,0.5806367113592509,5.847953216374269,126.0,20.032736
2025-01-29 22:00:00,0.5432026559409471,9.174311926605505,100.0,19.882816
2025-01-29 23:00:00,0.5574261464876965,9.174311926605505,100.0,20.04575
2025-01-30 00:00:00,0.6068420660369621,9.174311926605505,110.0,20.419945
2025-01-30 01:00:00,0.8883650810639938,4.291845493562232,356.0,20.94612
2025-01-30 02:00:00,0.9516803730301242,5.361930294906166,358.0,21.51082
2025-01-30 03:00:00,0.9382004658350058,7.142857142857142,14.0,21.920324
2025-01-30 04:00:00,0.8728256115237041,4.0241448692152915,356.0,22.101402
2025-01-30 05:00:00,0.9360906873099241,7.142857142857142,16.0,21.98383
2025-01-30 06:00:00,1.5364364300461941,6.430868167202571,2.0,21.602278
2025-01-30 07:00:00,2.118792291091967,8.032128514056225,22.0,21.07643
2025-01-30 08:00:00,1.945270470645678,8.032128514056225,30.0,20.521656
2025-01-30 09:00:00,1.3820225881618815,7.142857142857142,24.0,20.116055
2025-01-30 10:00:00,1.4663995391390616,7.142857142857142,2.0,19.935686
2025-01-30 11:00:00,1.2240910398370182,7.142857142857142,24.0,20.091875
2025-01-30 12:00:00,1.438811243851476,6.430868167202571,20.0,20.495989
2025-01-30 13:00:00,1.381102842029094,5.847953216374269,2.0,21.068619
2025-01-30 14:00:00,1.3152834645569909,6.430868167202571,2.0,21.687777
2025-01-30 15:00:00,1.2301526751847378,6.430868167202571,18.0,22.180756
2025-01-30 16:00:00,1.0727488654019608,7.142857142857142,22.0,22.41782
2025-01-30 17:00:00,0.9326326353399653,7.142857142857142,26.0,22.340681
2025-01-30 18:00:00,0.8465441448135633,7.142857142857142,28.0,21.959509
2025-01-30 19:00:00,0.8195411425510127,6.430868167202571,28.0,21.371824
2025-01-30 20:00:00,0.743445200310833,5.847953216374269,32.0,20.702353
2025-01-30 21:00:00,0.7574605662179454,5.847953216374269,32.0,20.097616
2025-01-30 22:00:00,0.7739497321202846,5.847953216374269,36.0,19.734291
2025-01-30 23:00:00,0.7046431816326629,5.361930294906166,20.0,19.664982
2025-01-31 00:00:00,0.7296423863621698,4.9504950495049505,2.0,19.887964
2025-01-31 01:00:00,0.7456471181643262,4.9504950495049505,2.0,20.352028
2025-01-31 02:00:00,0.7408628011601179,4.9504950495049505,0.0,20.928125
2025-01-31 03:00:00,0.657030950177159,4.9504950495049505,2.0,21.485985
2025-01-31 04:00:00,0.6493254860909278,4.9504950495049505,0.0,21.856096
2025-01-31 05:00:00,0.6096463035260392,4.9504950495049505,2.0,21.966736
2025-01-31 06:00:00,0.5452176005899471,4.597701149425287,2.0,21.790766
2025-01-31 07:00:00,0.5766481420789452,9.174311926605505,114.0,21.366478
2025-01-31 08:00:00,0.7279324247386005,3.3898305084745757,88.0,20.805016
2025-01-31 09:00:00,0.8356423269716731,4.291845493562232,150.0,20.277908
2025-01-31 10:00:00,0.8720826758838941,4.0241448692152915,166.0,19.913746
2025-01-31 11:00:00,0.8096005218511634,4.291845493562232,162.0,19.847113
2025-01-31 12:00:00,0.7656071935901153,4.597701149425287,158.0,20.073528
2025-01-31 13:00:00,0.7611227835302669,4.291845493562232,158.0,20.566006
2025-01-31 14:00:00,0.8202409284838768,5.361930294906166,146.0,21.19026
2025-01-31 15:00:00,0.8587173655332824,5.847953216374269,142.0,21.815353
2025-01-31 16:00:00,0.8838798803892565,5.847953216374269,144.0,22.267368
2025-01-31 17:00:00,0.9019515606928269,5.847953216374269,142.0,22.412804
2025-01-31 18:00:00,0.9832206724288972,6.430868167202571,142.0,22.236622
2025-01-31 19:00:00,0.8889642111387416,6.430868167202571,150.0,21.810982
2025-01-31 20:00:00,0.9153364411664829,6.430868167202571,146.0,21.195847
2025-01-31 21:00:00,0.7758859081238282,6.430868167202571,134.0,20.52906
2025-01-31 22:00:00,0.7652443674828208,6.430868167202571,122.0,19.990242
2025-01-31 23:00:00,0.6229894637249028,5.847953216374269,122.0,19.729876
2025-02-01 00:00:00,0.6220393729562798,5.847953216374269,114.0,19.795927
2025-02-01 01:00:00,0.6898934575378639,5.847953216374269,118.0,20.18514
2025-02-01 02:00:00,0.4836761951430726,5.847953216374269,112.0,20.7707
2025-02-01 03:00:00,0.5294922258953255,6.430868167202571,112.0,21.429752
2025-02-01 04:00:00,0.607320105006246,7.142857142857142,122.0,22.037313
2025-02-01 05:00:00,0.7307813719492182,7.142857142857142,124.0,22.368984
2025-02-01 06:00:00,0.8379409366312162,6.430868167202571,126.0,22.385553
2025-02-01 07:00:00,1.0464208389470602,7.142857142857142,112.0,22.122606
2025-02-01 08:00:00,1.1197646678287825,4.0241448692152915,54.0,21.629822
2025-02-01 09:00:00,1.2249669066551403,4.291845493562232,60.0,21.009731
2025-02-01 10:00:00,1.365785463717407,4.597701149425287,70.0,20.445799
2025-02-01 11:00:00,1.5600060305664307,4.9504950495049505,66.0,20.134245
2025-02-01 12:00:00,1.8421448623472525,5.361930294906166,58.0,20.14183
2025-02-01 13:00:00,2.3366896749946537,6.430868167202571,48.0,20.41018
2025-02-01 14:00:00,2.837003893155832,7.142857142857142,40.0,20.938162
2025-02-01 15:00:00,2.971896497081613,8.032128514056225,44.0,21.572887
2025-02-01 16:00:00,3.112588084079744,8.032128514056225,48.0,22.147339
2025-02-01 17:00:00,2.9299361664439276,8.032128514056225,56.0,22.52238
2025-02-01 18:00:00,2.9093923798876524,8.032128514056225,56.0,22.571722
2025-02-01 19:00:00,2.642121797063063,8.032128514056225,58.0,22.312834
2025-02-01 20:00:00,2.5332737804105694,8.032128514056225,58.0,21.814137
2025-02-01 21:00:00,2.4020394411941344,8.032128514056225,58.0,21.163883
2025-02-01 22:00:00,2.353376696255891,7.142857142857142,56.0,20.514359
2025-02-01 23:00:00,2.27303537830847,8.032128514056225,62.0,20.033619
2025-02-02 00:00:00,2.081154321146882,8.032128514056225,62.0,19.852823
2025-02-02 01:00:00,2.2285153327937492,8.032128514056225,58.0,19.989775
2025-02-02 02:00:00,2.4130591552196052,8.032128514056225,62.0,20.39072
2025-02-02 03:00:00,2.415684149210507,8.032128514056225,56.0,20.959301
2025-02-02 04:00:00,2.172351305809149,8.032128514056225,60.0,21.590178
2025-02-02 05:00:00,2.265795053718458,7.142857142857142,46.0,22.069445
2025-02-02 06:00:00,2.194750337338048,7.142857142857142,42.0,22.283863
2025-02-02 07:00:00,2.1627822544912165,8.032128514056225,58.0,22.19754
2025-02-02 08:00:00,1.9592550656815686,8.032128514056225,62.0,21.824856
2025-02-02 09:00:00,1.6997560866034822,7.142857142857142,50.0,21.25436
2025-02-02 10:00:00,1.784781768789607,7.142857142857142,54.0,20.61551
2025-02-02 11:00:00,1.7017226748977394,7.142857142857142,52.0,20.079437
2025-02-02 12:00:00,1.478149472365022,7.142857142857142,60.0,19.807137
2025-02-02 13:00:00,1.359314075707936,7.142857142857142,62.0,19.84316
2025-02-02 14:00:00,1.3444330506620574,7.142857142857142,66.0,20.173798
2025-02-02 15:00:00,1.3306713783630966,6.430868167202571,58.0,20.71037
2025-02-02 16:00:00,1.2705655186914906,8.032128514056225,82.0,21.327
2025-02-02 17:00:00,1.2760865401303385,7.142857142857142,80.0,21.862598
2025-02-02 18:00:00,1.2470764554135647,8.032128514056225,92.0,22.192831
2025-02-02 19:00:00,1.2013847845223495,7.142857142857142,80.0,22.217752
2025-02-02 20:00:00,1.172007617233338,8.032128514056225,86.0,21.95423
2025-02-02 21:00:00,1.0723576564562454,8.032128514056225,84.0,21.442808
2025-02-02 22:00:00,1.0467609715622415,8.032128514056225,88.0,20.828476
2025-02-02 23:00:00,1.0119387438679113,8.032128514056225,86.0,20.243248
2025-02-03 00:00:00,0.9808844519846398,7.142857142857142,82.0,19.87078
2025-02-03 01:00:00,1.0308386173351725,6.430868167202571,80.0,19.780247
2025-02-03 02:00:00,1.1030894641503384,7.142857142857142,80.0,20.023994
2025-02-03 03:00:00,1.219624551197688,4.0241448692152915,140.0,20.481998
2025-02-03 04:00:00,1.3507172513422108,4.597701149425287,118.0,21.094057
2025-02-03 05:00:00,1.3284265663086408,5.361930294906166,108.0,21.70484
2025-02-03 06:00:00,1.333305131360319,5.847953216374269,100.0,22.14868
2025-02-03 07:00:00,1.337287355369162,5.847953216374269,106.0,22.326487
2025-02-03 08:00:00,1.3519742390357736,5.847953216374269,108.0,22.18286
2025-02-03 09:00:00,1.203535230288029,6.430868167202571,110.0,21.782162
2025-02-03 10:00:00,1.1497401527806523,6.430868167202571,110.0,21.192907
2025-02-03 11:00:00,1.0344982872443558,6.430868167202571,110.0,20.57258
2025-02-03 12:00:00,0.935739406596599,5.847953216374269,110.0,20.073936
2025-02-03 13:00:00,0.903682405954413,5.847953216374269,110.0,19.85447
2025-02-03 14:00:00,0.8128611891875536,5.361930294906166,108.0,19.93091
2025-02-03 15:00:00,0.7351214630135985,5.847953216374269,108.0,20.284292
2025-02-03 16:00:00,0.6892615273649588,5.847953216374269,102.0,20.810663
2025-02-03 17:00:00,0.6806726031535618,5.361930294906166,104.0,21.42019
2025-02-03 18:00:00,0.6513604819331629,5.847953216374269,108.0,21.91465
2025-02-03 19:00:00,0.6717742539516123,5.847953216374269,112.0,22.209476
2025-02-03 20:00:00,0.6615538363152587,6.430868167202571,110.0,22.206358
2025-02-03 21:00:00,0.6957502197780026,5.847953216374269,110.0,21.91109
2025-02-03 22:00:00,0.7075989250267025,5.847953216374269,104.0,21.394245
2025-02-03 23:00:00,0.7058516711649332,5.847953216374269,110.0,20.829132
2025-02-04 00:00:00,0.8092989718277004,6.430868167202571,108.0,20.297756
2025-02-04 01:00:00,0.8356245559080355,5.847953216374269,110.0,19.98948
2025-02-04 02:00:00,0.8291689469928999,6.430868167202571,114.0,19.973589
2025-02-04 03:00:00,0.8665188440526511,7.142857142857142,106.0,20.215153
2025-02-04 04:00:00,0.7772827509331732,7.142857142857142,108.0,20.733644
2025-02-04 05:00:00,0.7644733045001734,7.142857142857142,106.0,21.336456
2025-02-04 06:00:00,0.7978673690547209,6.430868167202571,118.0,21.922466
2025-02-04 07:00:00,0.6937944757110676,7.142857142857142,116.0,22.329174
2025-02-04 08:00:00,0.7415555693379106,7.142857142857142,122.0,22.445896
2025-02-04 09:00:00,0.6573904214262387,6.430868167202571,114.0,22.256933
2025-02-04 10:00:00,0.6642788922552624,6.430868167202571,124.0,21.808966
2025-02-04 11:00:00,0.6468161005377799,5.847953216374269,120.0,21.220402
2025-02-04 12:00:00,0.6151789829070597,5.847953216374269,124.0,20.616163
2025-02-04 13:00:00,0.7162920549204876,5.847953216374269,114.0,20.15492
2025-02-04 14:00:00,1.0668121608290182,4.597701149425287,2.0,19.922434
2025-02-04 15:00:00,1.3258405972374658,5.361930294906166,2.0,20.004744
2025-02-04 16:00:00,1.4132624360230923,5.847953216374269,2.0,20.339954
2025-02-04 17:00:00,1.2665689732709737,5.847953216374269,20.0,20.8527
2025-02-04 18:00:00,1.121548124475111,5.847953216374269,2.0,21.405718
2025-02-04 19:00:00,1.1644458541301133,5.847953216374269,2.0,21.850872
2025-02-04 20:00:00,1.2989218271942262,5.361930294906166,358.0,22.091618
2025-02-04 21:00:00,1.5420155539055853,6.430868167202571,2.0,22.058264
2025-02-04 22:00:00,1.5599236301956714,7.142857142857142,16.0,21.756052
2025-02-04 23:00:00,1.4192228882067823,7.142857142857142,2.0,21.280308
2025-02-05 00:00:00,1.2419078139349142,7.142857142857142,22.0,20.709986
2025-02-05 01:00:00,1.457317223128845,7.142857142857142,22.0,20.241749
2025-02-05 02:00:00,1.7422823069635913,8.032128514056225,26.0,19.956137
2025-02-05 03:00:00,1.9350539503352544,8.032128514056225,22.0,19.955246
2025-02-05 04:00:00,1.6639896447164635,8.032128514056225,24.0,20.23637
2025-02-05 05:00:00,1.5452947974032367,7.142857142857142,20.0,20.729025
2025-02-05 06:00:00,1.4509248175208838,7.142857142857142,20.0,21.291395
2025-02-05 07:00:00,1.2370305796987016,6.430868167202571,18.0,21.84498
2025-02-05 08:00:00,1.1325128862347977,6.430868167202571,2.0,22.211945
2025-02-05 09:00:00,1.0587478148543614,6.430868167202571,2.0,22.311838
2025-02-05 10:00:00,1.0703639569383756,6.430868167202571,2.0,22.137573
2025-02-05 11:00:00,1.0775603167849481,6.430868167202571,24.0,21.718403
2025-02-05 12:00:00,1.0084763381265667,5.847953216374269,2.0,21.158243
2025-02-05 13:00:00,0.9566886205705674,5.847953216374269,2.0,20.59405
2025-02-05 14:00:00,1.1018290755266174,5.361930294906166,2.0,20.15496
2025-02-05 15:00:00,1.0780021808979068,5.847953216374269,2.0,19.943377
2025-02-05 16:00:00,1.178926169076731,5.361930294906166,2.0,19.99678
2025-02-05 17:00:00,1.1835210762177537,5.361930294906166,2.0,20.274397
2025-02-05 18:00:00,1.2771176547882752,5.361930294906166,2.0,20.683887
2025-02-05 19:00:00,1.1754537221878736,5.361930294906166,2.0,21.191078
2025-02-05 20:00:00,1.078540633865818,4.9504950495049505,358.0,21.59753
2025-02-05 21:00:00,0.8899544925521864,5.361930294906166,2.0,21.827408
2025-02-05 22:00:00,0.7710638038846167,5.847953216374269,2.0,21.823732
2025-02-05 23:00:00,0.782125265174235,5.361930294906166,2.0,21.593996
2025-02-06 00:00:00,0.7487903942920978,5.361930294906166,22.0,21.204004
2025-02-06 01:00:00,0.7053598588287858,5.361930294906166,38.0,20.742851
2025-02-06 02:00:00,0.7661226745760918,5.361930294906166,34.0,20.346554
2025-02-06 03:00:00,0.6392079681629251,5.361930294906166,44.0,20.131493
2025-02-06 04:00:00,0.5809135285865741,4.9504950495049505,36.0,20.157919
2025-02-06 05:00:00,0.574391704618633,4.9504950495049505,40.0,20.411558
2025-02-06 06:00:00,0.5612951911938598,5.361930294906166,42.0,20.845346
2025-02-06 07:00:00,0.5387557586070146,5.361930294906166,38.0,21.373775
2025-02-06 08:00:00,0.5528680006809016,4.9504950495049505,34.0,21.846119
2025-02-06 09:00:00,0.5141452433939924,5.361930294906166,48.0,22.155981
2025-02-06 10:00:00,0.4656565279163729,4.9504950495049505,52.0,22.2292
2025-02-06 11:00:00,0.45565063143196355,4.291845493562232,42.0,22.05879
2025-02-06 12:00:00,0.5960926458084952,3.2206119162640903,80.0,21.65939
2025-02-06 13:00:00,0.775840388467268,4.0241448692152915,130.0,21.132948
2025-02-06 14:00:00,0.9985659229713311,4.291845493562232,148.0,20.597946
2025-02-06 15:00:00,1.2027491077346375,4.597701149425287,150.0,20.19537
2025-02-06 16:00:00,1.2955966200493934,4.9504950495049505,144.0,19.995953
2025-02-06 17:00:00,1.3903842476343085,5.361930294906166,138.0,20.071142
2025-02-06 18:00:00,1.6815136934543264,5.847953216374269,130.0,20.329464
2025-02-06 19:00:00,1.7363212148681189,6.430868167202571,126.0,20.79285
2025-02-06 20:00:00,1.78664012260436,7.142857142857142,116.0,21.296614
2025-02-06 21:00:00,1.8032899723701443,7.142857142857142,122.0,21.731209
2025-02-06 22:00:00,1.7962263608120967,7.142857142857142,118.0,21.996395
2025-02-06 23:00:00,1.867464397614963,8.032128514056225,120.0,22.03028
2025-02-07 00:00:00,1.7103205798201024,7.142857142857142,122.0,21.806095
2025-02-07 01:00:00,1.551710555520871,8.032128514056225,118.0,21.421219
2025-02-07 02:00:00,1.3344815729122126,8.032128514056225,120.0,20.92912
2025-02-07 03:00:00,1.3343681106089058,8.032128514056225,116.0,20.505148
2025-02-07 04:00:00,1.2028968511844067,7.142857142857142,108.0,20.2534
2025-02-07 05:00:00,1.1600657218515464,7.142857142857142,108.0,20.222214
2025-02-07 06:00:00,0.914047172808863,7.142857142857142,110.0,20.436348
2025-02-07 07:00:00,0.7729224575453321,7.142857142857142,110.0,20.844847
2025-02-07 08:00:00,0.7151351731372766,7.142857142857142,110.0,21.35032
2025-02-07 09:00:00,0.6885697624721349,7.142857142857142,110.0,21.843754
2025-02-07 10:00:00,0.7388425146107348,8.032128514056225,116.0,22.189672
2025-02-07 11:00:00,0.9285969429928471,8.032128514056225,126.0,22.32572
2025-02-07 12:00:00,1.080925216725603,8.032128514056225,122.0,22.19273
2025-02-07 13:00:00,1.2257878739453345,8.032128514056225,112.0,21.839266
2025-02-07 14:00:00,1.2182850191159242,9.174311926605505,110.0,21.321413
2025-02-07 15:00:00,1.0851480839660117,9.174311926605505,108.0,20.79401
2025-02-07 16:00:00,1.1724577794261513,10.695187165775401,100.0,20.328896
2025-02-07 17:00:00,0.9951814394639766,10.695187165775401,102.0,20.019505
2025-02-07 18:00:00,1.0709485275339052,10.695187165775401,102.0,19.998251
2025-02-07 19:00:00,1.0290333611025593,10.695187165775401,102.0,20.179075
2025-02-07 20:00:00,0.9412470065945147,9.174311926605505,102.0,20.549557
2025-02-07 21:00:00,0.8782500837862499,10.695187165775401,106.0,20.993265
2025-02-07 22:00:00,0.8718361751998057,10.695187165775401,114.0,21.37376
2025-02-07 23:00:00,0.8782577788125292,10.695187165775401,114.0,21.616407
2025-02-08 00:00:00,0.9301129810827174,9.174311926605505,116.0,21.67212
2025-02-08 01:00:00,0.9805084286225928,10.695187165775401,108.0,21.500368
2025-02-08 02:00:00,0.8552177411414126,10.695187165775401,106.0,21.149834
2025-02-08 03:00:00,0.8267865170353729,10.695187165775401,100.0,20.748758
2025-02-08 04:00:00,0.7801612312583711,10.695187165775401,90.0,20.380917
2025-02-08 05:00:00,0.8341925159520218,5.847953216374269,20.0,20.17092
2025-02-08 06:00:00,0.8180990469777146,5.847953216374269,20.0,20.196388
2025-02-08 07:00:00,0.7848185525348458,5.361930294906166,2.0,20.424696
2025-02-08 08:00:00,0.8099855912339915,5.847953216374269,18.0,20.840672
2025-02-08 09:00:00,0.8824955253245099,5.847953216374269,20.0,21.32267
2025-02-08 10:00:00,0.8835993806097713,5.361930294906166,2.0,21.785257
2025-02-08 11:00:00,0.8614828205995249,5.361930294906166,2.0,22.11796
2025-02-08 12:00:00,0.8911152052733332,5.361930294906166,2.0,22.232716
2025-02-08 13:00:00,0.7484591038457844,4.9504950495049505,2.0,22.096413
2025-02-08 14:00:00,0.6670836586090071,9.174311926605505,112.0,21.725542
2025-02-08 15:00:00,0.6576618719853355,4.597701149425287,2.0,21.207407
2025-02-08 16:00:00,0.6120690896848329,9.174311926605505,98.0,20.664526
2025-02-08 17:00:00,0.5906471638302332,9.174311926605505,102.0,20.2076
2025-02-08 18:00:00,0.5221703741527585,9.174311926605505,100.0,19.920372
2025-02-08 19:00:00,0.5039068016793944,4.597701149425287,26.0,19.88044
2025-02-08 20:00:00,0.6649054554597275,9.174311926605505,100.0,20.081436
2025-02-08 21:00:00,0.5110968413790753,9.174311926605505,96.0,20.479696
2025-02-08 22:00:00,0.48808341210454964,9.174311926605505,104.0,20.937757
2025-02-08 23:00:00,0.5050859650758965,8.032128514056225,106.0,21.388714
2025-02-09 00:00:00,0.4819992409785176,9.174311926605505,110.0,21.704527
2025-02-09 01:00:00,0.4925733387390639,8.032128514056225,114.0,21.812037
2025-02-09 02:00:00,0.5577183858542543,9.174311926605505,110.0,21.68809
2025-02-09 03:00:00,0.5229794846447315,9.174311926605505,112.0,21.367033
2025-02-09 04:00:00,0.48894779166603297,9.174311926605505,104.0,20.962313
2025-02-09 05:00:00,0.4852261340049295,9.174311926605505,104.0,20.568203
2025-02-09 06:00:00,0.552455494174031,9.174311926605505,102.0,20.342112
2025-02-09 07:00:00,0.639771184760714,3.067484662576687,122.0,20.325338
2025-02-09 08:00:00,0.7418551451885876,3.3898305084745757,120.0,20.592243
2025-02-09 09:00:00,0.8006291601941448,3.577817531305903,108.0,21.00147
2025-02-09 10:00:00,0.9178184850760007,4.0241448692152915,90.0,21.524038
2025-02-09 11:00:00,0.9591731137135124,4.597701149425287,92.0,22.086584
2025-02-09 12:00:00,0.988339430796846,4.597701149425287,98.0,22.476248
2025-02-09 13:00:00,1.0744101573256455,4.9504950495049505,100.0,22.626049
2025-02-09 14:00:00,1.0223489088649402,5.361930294906166,104.0,22.51533
2025-02-09 15:00:00,1.129662088341463,5.847953216374269,108.0,22.163496
2025-02-09 16:00:00,1.1677269476556265,5.847953216374269,112.0,21.628817
2025-02-09 17:00:00,1.3324800232564797,6.430868167202571,96.0,21.022556
2025-02-09 18:00:00,1.8855975959566704,6.430868167202571,38.0,20.47472
2025-02-09 19:00:00,1.9229519297743496,7.142857142857142,34.0,20.151762
2025-02-09 20:00:00,1.894915086996483,7.142857142857142,46.0,20.076948
2025-02-09 21:00:00,1.8929208371327226,7.142857142857142,50.0,20.245152
2025-02-09 22:00:00,1.9686169882737161,7.142857142857142,54.0,20.610685
2025-02-09 23:00:00,1.8182282842223398,7.142857142857142,56.0,21.10701
2025-02-10 00:00:00,1.7323540958739352,7.142857142857142,58.0,21.57018
2025-02-10 01:00:00,1.895690488494433,7.142857142857142,64.0,21.898884
2025-02-10 02:00:00,1.6479328175075143,7.142857142857142,62.0,22.010206
2025-02-10 03:00:00,1.4833179971300001,7.142857142857142,66.0,21.867596
2025-02-10 04:00:00,1.3779737386039765,6.430868167202571,72.0,21.52553
2025-02-10 05:00:00,1.3136895406709028,6.430868167202571,72.0,21.061703
2025-02-10 06:00:00,1.3134684583870124,7.142857142857142,70.0,20.608818
2025-02-10 07:00:00,1.3018269948553922,7.142857142857142,76.0,20.316254
2025-02-10 08:00:00,1.253755037627769,7.142857142857142,74.0,20.243341
2025-02-10 09:00:00,1.167244991056901,7.142857142857142,76.0,20.419151
2025-02-10 10:00:00,1.2664348407977752,7.142857142857142,80.0,20.810976
2025-02-10 11:00:00,1.1954612629919459,7.142857142857142,78.0,21.310526
2025-02-10 12:00:00,1.1686053912488459,8.032128514056225,90.0,21.832762
2025-02-10 13:00:00,1.142327537789476,8.032128514056225,92.0,22.210815
2025-02-10 14:00:00,1.2388543615919378,8.032128514056225,90.0,22.369236
2025-02-10 15:00:00,1.199807655741584,8.032128514056225,88.0,22.252747
2025-02-10 16:00:00,1.246186315962383,8.032128514056225,96.0,21.894987
2025-02-10 17:00:00,1.1309738891183565,8.032128514056225,88.0,21.3684
2025-02-10 18:00:00,1.1284042411640158,8.032128514056225,88.0,20.762491
2025-02-10 19:00:00,1.1276836555011835,8.032128514056225,90.0,20.251915
2025-02-10 20:00:00,1.053528187514769,8.032128514056225,88.0,19.921347
2025-02-10 21:00:00,1.0345434443619046,8.032128514056225,84.0,19.87188
2025-02-10 22:00:00,1.1417121162432609,9.174311926605505,88.0,20.057579
2025-02-10 23:00:00,1.04536764492554,9.174311926605505,82.0,20.450876
2025-02-11 00:00:00,1.0438080663494667,8.032128514056225,90.0,20.948
2025-02-11 01:00:00,1.146663531605136,9.174311926605505,80.0,21.408606
2025-02-11 02:00:00,1.0901084256705602,8.032128514056225,86.0,21.7097
2025-02-11 03:00:00,1.3533916624594726,5.361930294906166,2.0,21.790928
2025-02-11 04:00:00,1.1649547140038412,5.847953216374269,2.0,21.615362
2025-02-11 05:00:00,1.2692338679502169,5.847953216374269,2.0,21.253387
2025-02-11 06:00:00,1.197821892777176,5.847953216374269,2.0,20.790897
2025-02-11 07:00:00,1.2396500137264663,6.430868167202571,2.0,20.356508
2025-02-11 08:00:00,1.0816591671325952,6.430868167202571,24.0,20.081732
2025-02-11 09:00:00,1.0032451032047967,6.430868167202571,26.0,20.056906
2025-02-11 10:00:00,0.9551947536105944,6.430868167202571,28.0,20.305252
2025-02-11 11:00:00,0.8209438251703411,5.847953216374269,2.0,20.758932
2025-02-11 12:00:00,0.7673807544354857,5.847953216374269,2.0,21.30768
2025-02-11 13:00:00,0.7111233734021108,8.032128514056225,80.0,21.851934
2025-02-11 14:00:00,0.676960546744804,4.9504950495049505,2.0,22.253424
2025-02-11 15:00:00,0.6307258497938631,4.9504950495049505,30.0,22.393345
2025-02-11 16:00:00,0.5961931466499477,4.597701149425287,2.0,22.229578
2025-02-11 17:00:00,0.5529408900014016,5.361930294906166,48.0,21.824009
2025-02-11 18:00:00,0.4494597280412565,8.032128514056225,96.0,21.23871
2025-02-11 19:00:00,0.43628693780222627,9.174311926605505,92.0,20.629663
2025-02-11 20:00:00,0.4225150209458686,9.174311926605505,86.0,20.135525
2025-02-11 21:00:00,0.39310353687316835,9.174311926605505,92.0,19.86385
2025-02-11 22:00:00,0.4091828789430941,9.174311926605505,90.0,19.884659
2025-02-11 23:00:00,0.4002418895738917,9.174311926605505,82.0,20.155989
2025-02-12 00:00:00,0.3744505996343951,9.174311926605505,82.0,20.610018
2025-02-12 01:00:00,0.3921500786302151,9.174311926605505,98.0,21.165197
2025-02-12 02:00:00,0.40449187595045005,9.174311926605505,106.0,21.624851
2025-02-12 03:00:00,0.4109329583428251,9.174311926605505,106.0,21.891672
2025-02-12 04:00:00,0.35934687971237106,9.174311926605505,102.0,21.911875
2025-02-12 05:00:00,0.3757934445655743,9.174311926605505,106.0,21.67737
2025-02-12 06:00:00,0.33381207424453224,9.174311926605505,104.0,21.275732
2025-02-12 07:00:00,0.34009738515818655,10.695187165775401,100.0,20.76506
2025-02-12 08:00:00,0.3329739826190439,10.695187165775401,94.0,20.32389
2025-02-12 09:00:00,0.2798766007098121,10.695187165775401,102.0,20.069777
2025-02-12 10:00:00,0.6443092715754402,10.695187165775401,102.0,20.087595
2025-02-12 11:00:00,0.2877665136999368,10.695187165775401,104.0,20.39631
2025-02-12 12:00:00,0.2859448579926292,10.695187165775401,98.0,20.895039
2025-02-12 13:00:00,0.2992624709558971,10.695187165775401,110.0,21.49085
2025-02-12 14:00:00,0.4804093817081743,10.695187165775401,114.0,22.021263
2025-02-12 15:00:00,0.9866954893782525,4.291845493562232,70.0,22.381622
2025-02-12 16:00:00,1.5635050766305816,5.361930294906166,56.0,22.441723
2025-02-12 17:00:00,1.7754356128514373,5.361930294906166,52.0,22.207838
2025-02-12 18:00:00,1.8445388246883871,6.430868167202571,50.0,21.729927
2025-02-12 19:00:00,1.945883603850607,6.430868167202571,56.0,21.126013
2025-02-12 20:00:00,1.883631934725244,6.430868167202571,60.0,20.518475
2025-02-12 21:00:00,1.664881264714429,6.430868167202571,62.0,20.073362
2025-02-12 22:00:00,1.5979802935465133,6.430868167202571,64.0,19.88724
2025-02-12 23:00:00,1.5080913926020203,6.430868167202571,64.0,19.992542
2025-02-13 00:00:00,1.6021238476280113,5.847953216374269,66.0,20.367628
2025-02-13 01:00:00,1.5957368900692315,5.847953216374269,68.0,20.89908
2025-02-13 02:00:00,1.6008641414199973,5.847953216374269,72.0,21.460386
2025-02-13 03:00:00,1.720821501694654,5.847953216374269,76.0,21.91266
2025-02-13 04:00:00,1.867979617354683,5.847953216374269,80.0,22.161871
2025-02-13 05:00:00,1.9268466885358155,5.847953216374269,82.0,22.134695
2025-02-13 06:00:00,2.097920989593222,6.430868167202571,88.0,21.850657
2025-02-13 07:00:00,2.0404062612427394,6.430868167202571,94.0,21.392036
2025-02-13 08:00:00,2.230962662709146,6.430868167202571,94.0,20.879213
2025-02-13 09:00:00,2.6310895167027915,7.142857142857142,94.0,20.473894
2025-02-13 10:00:00,2.6876929167105144,7.142857142857142,102.0,20.296944
2025-02-13 11:00:00,2.7337244266133407,7.142857142857142,98.0,20.41113
2025-02-13 12:00:00,3.0073870334257164,7.142857142857142,98.0,20.768324
2025-02-13 13:00:00,3.063687863018558,8.032128514056225,104.0,21.291492
2025-02-13 14:00:00,2.85418850557393,8.032128514056225,98.0,21.870148
2025-02-13 15:00:00,2.841949625409238,8.032128514056225,100.0,22.355486
2025-02-13 16:00:00,2.825522583456369,9.174311926605505,98.0,22.602999
2025-02-13 17:00:00,2.8175775577059956,9.174311926605505,98.0,22.579008
2025-02-13 18:00:00,2.6478255799405246,9.174311926605505,100.0,22.25615
2025-02-13 19:00:00,2.325603291707267,9.174311926605505,94.0,21.735613
2025-02-13 20:00:00,2.071432018302439,9.174311926605505,92.0,21.122921
2025-02-13 21:00:00,1.9006097068841978,9.174311926605505,88.0,20.54564
2025-02-13 22:00:00,1.9191531406198654,9.174311926605505,92.0,20.156427
2025-02-13 23:00:00,1.7147441669942085,9.174311926605505,90.0,20.063198
2025-02-14 00:00:00,1.557740437837467,9.174311926605505,86.0,20.23175
2025-02-14 01:00:00,1.3128473157236586,8.032128514056225,88.0,20.646128
2025-02-14 02:00:00,1.422471506939047,8.032128514056225,86.0,21.17071
2025-02-14 03:00:00,1.3045784079483564,8.032128514056225,94.0,21.648428
2025-02-14 04:00:00,1.3676855952432565,8.032128514056225,90.0,22.006578
2025-02-14 05:00:00,1.2337005559768477,8.032128514056225,88.0,22.076052
2025-02-14 06:00:00,1.1139101158936082,9.174311926605505,84.0,21.89362
2025-02-14 07:00:00,0.923865413506929,9.174311926605505,86.0,21.50035
2025-02-14 08:00:00,0.9184118954482576,9.174311926605505,88.0,20.961622
2025-02-14 09:00:00,0.9329743828936798,9.174311926605505,84.0,20.41935
2025-02-14 10:00:00,0.9123530209991679,9.174311926605505,82.0,20.016901
2025-02-14 11:00:00,1.1143327175184867,5.847953216374269,2.0,19.865099
2025-02-14 12:00:00,1.2858957844520371,6.430868167202571,2.0,20.002747
2025-02-14 13:00:00,1.4113671649156478,7.142857142857142,2.0,20.377625
2025-02-14 14:00:00,1.4229089586796886,7.142857142857142,2.0,20.88302
2025-02-14 15:00:00,1.380222091831294,6.430868167202571,16.0,21.414192
2025-02-14 16:00:00,1.3674792443656112,6.430868167202571,2.0,21.792086
2025-02-14 17:00:00,1.272547783663983,6.430868167202571,12.0,21.932781
2025-02-14 18:00:00,1.1924292552706044,6.430868167202571,2.0,21.789375
2025-02-14 19:00:00,1.0787337595327435,7.142857142857142,18.0,21.408897
2025-02-14 20:00:00,1.0321659878269394,6.430868167202571,16.0,20.870396
2025-02-14 21:00:00,0.9783837152213011,7.142857142857142,24.0,20.308252
2025-02-14 22:00:00,0.9147820934167687,6.430868167202571,22.0,19.830647
2025-02-14 23:00:00,0.9674899985950575,7.142857142857142,24.0,19.60125
2025-02-15 00:00:00,0.9199515093086529,7.142857142857142,26.0,19.652422
2025-02-15 01:00:00,0.9960260531091156,7.142857142857142,28.0,19.972633
2025-02-15 02:00:00,1.099426119839975,6.430868167202571,18.0,20.420855
2025-02-15 03:00:00,1.2110527446912198,7.142857142857142,22.0,20.963293
2025-02-15 04:00:00,1.148085709870624,6.430868167202571,24.0,21.43913
2025-02-15 05:00:00,1.0704859318568318,6.430868167202571,2.0,21.74589
2025-02-15 06:00:00,0.9929596138044289,6.430868167202571,20.0,21.769234
2025-02-15 07:00:00,0.9409612068730712,6.430868167202571,24.0,21.556442
2025-02-15 08:00:00,0.8314537179407886,6.430868167202571,30.0,21.125402
2025-02-15 09:00:00,0.8706738241122641,5.847953216374269,22.0,20.624647
2025-02-15 10:00:00,0.8186325246989871,5.847953216374269,22.0,20.16128
2025-02-15 11:00:00,0.7864313166846474,5.847953216374269,26.0,19.894121
2025-02-15 12:00:00,0.8053053215860462,5.361930294906166,14.0,19.874887
2025-02-15 13:00:00,0.8967367482584974,5.847953216374269,2.0,20.10816
2025-02-15 14:00:00,0.8647380280658232,5.361930294906166,18.0,20.519278
2025-02-15 15:00:00,0.8755729448202623,5.847953216374269,2.0,21.025963
2025-02-15 16:00:00,0.7812237954362672,5.361930294906166,2.0,21.504145
2025-02-15 17:00:00,0.7084987756796367,4.9504950495049505,2.0,21.815996
2025-02-15 18:00:00,0.6331126463222968,4.9504950495049505,2.0,21.870079
2025-02-15 19:00:00,0.5656363094426672,4.291845493562232,2.0,21.675755
2025-02-15 20:00:00,0.6226649804794567,4.597701149425287,2.0,21.276102
2025-02-15 21:00:00,0.4558964989637537,4.597701149425287,24.0,20.765623
2025-02-15 22:00:00,0.4172110871656292,4.291845493562232,26.0,20.282415
2025-02-15 23:00:00,0.3816179327410896,4.291845493562232,36.0,19.92272
2025-02-16 00:00:00,0.3646140979930969,4.9504950495049505,76.0,19.81973
2025-02-16 01:00:00,0.3401531056125572,5.361930294906166,80.0,19.97644
2025-02-16 02:00:00,0.3495208338020307,4.9504950495049505,78.0,20.353554
2025-02-16 03:00:00,0.36666082669299344,4.597701149425287,68.0,20.866476
2025-02-16 04:00:00,0.4487765955598168,6.430868167202571,82.0,21.404919
2025-02-16 05:00:00,0.5560475707815968,2.801120448179272,82.0,21.814041
2025-02-16 06:00:00,0.6745218124124356,3.3898305084745757,120.0,22.016575
2025-02-16 07:00:00,0.8218941799272971,3.7878787878787876,112.0,21.948122
2025-02-16 08:00:00,1.0244149704001388,4.291845493562232,108.0,21.69424
2025-02-16 09:00:00,1.3606363157285595,4.597701149425287,102.0,21.239725
2025-02-16 10:00:00,1.5773030257582423,4.9504950495049505,112.0,20.779648
2025-02-16 11:00:00,1.7020115799638635,5.361930294906166,110.0,20.396107
2025-02-16 12:00:00,1.9128817414735315,5.847953216374269,106.0,20.243519
2025-02-16 13:00:00,2.3249690733934507,5.847953216374269,108.0,20.338276
2025-02-16 14:00:00,2.4457611939580346,6.430868167202571,106.0,20.677324
2025-02-16 15:00:00,2.8298173309774097,7.142857142857142,108.0,21.139284
2025-02-16 16:00:00,2.646864350240959,7.142857142857142,102.0,21.705553
2025-02-16 17:00:00,2.418386922785044,7.142857142857142,98.0,22.137695
2025-02-16 18:00:00,2.62629602483673,8.032128514056225,92.0,22.3804
2025-02-16 19:00:00,2.479398502152584,8.032128514056225,94.0,22.378593
2025-02-16 20:00:00,2.164263024027283,8.032128514056225,90.0,22.16059
2025-02-16 21:00:00,2.279753700341818,8.032128514056225,90.0,21.743992
2025-02-16 22:00:00,2.157447392558245,7.142857142857142,100.0,21.231182
2025-02-16 23:00:00,1.9467713500483268,7.142857142857142,102.0,20.806156
2025-02-17 00:00:00,1.696499756500756,7.142857142857142,98.0,20.536526
2025-02-17 01:00:00,1.5679159150031685,8.032128514056225,94.0,20.503012
2025-02-17 02:00:00,1.4282093901067445,8.032128514056225,92.0,20.720518
2025-02-17 03:00:00,1.3197181950045054,7.142857142857142,98.0,21.107819
2025-02-17 04:00:00,1.1461128530262072,7.142857142857142,86.0,21.531004
2025-02-17 05:00:00,1.106907704212215,8.032128514056225,88.0,21.914324
2025-02-17 06:00:00,1.2123000682426697,8.032128514056225,88.0,22.165417
2025-02-17 07:00:00,1.2002966603645269,9.174311926605505,90.0,22.183
2025-02-17 08:00:00,1.1466444696907299,10.695187165775401,112.0,21.931538
2025-02-17 09:00:00,1.1692779203026782,10.695187165775401,102.0,21.52765
2025-02-17 10:00:00,1.1468076391905926,10.695187165775401,100.0,20.989706
2025-02-17 11:00:00,1.0854797955005386,12.820512820512821,108.0,20.475546
2025-02-17 12:00:00,1.0571095397526133,12.820512820512821,104.0,20.12334
2025-02-17 13:00:00,1.1369683895595453,12.820512820512821,100.0,19.976208
2025-02-17 14:00:00,1.1141209392156626,12.820512820512821,104.0,20.11568
2025-02-17 15:00:00,1.1169426302598058,12.820512820512821,100.0,20.443659
2025-02-17 16:00:00,1.2248912087438482,12.820512820512821,106.0,20.819246
2025-02-17 17:00:00,1.2703992180489083,12.820512820512821,106.0,21.25171
2025-02-17 18:00:00,1.1938200161455528,10.695187165775401,106.0,21.541853
2025-02-17 19:00:00,1.1824790842491446,12.820512820512821,108.0,21.634153
2025-02-17 20:00:00,1.1173950966153405,12.820512820512821,104.0,21.492903
2025-02-17 21:00:00,1.132857241023113,12.820512820512821,100.0,21.182396
2025-02-17 22:00:00,1.0733215832415273,12.820512820512821,100.0,20.72319
2025-02-17 23:00:00,1.0896784345336945,7.142857142857142,16.0,20.252655
2025-02-18 00:00:00,1.0571302363561985,12.820512820512821,96.0,19.872246
2025-02-18 01:00:00,1.0548363016545361,10.695187165775401,92.0,19.70141
2025-02-18 02:00:00,0.9911047175277264,10.695187165775401,94.0,19.743757
2025-02-18 03:00:00,1.1335288929298462,4.9504950495049505,356.0,19.976486
2025-02-18 04:00:00,1.1796445483764064,6.430868167202571,10.0,20.36356
2025-02-18 05:00:00,1.1636514775927453,6.430868167202571,2.0,20.807716
2025-02-18 06:00:00,1.1033219830578282,6.430868167202571,10.0,21.185776
2025-02-18 07:00:00,1.0198944025044476,6.430868167202571,2.0,21.401608
2025-02-18 08:00:00,0.990061684658819,6.430868167202571,2.0,21.396675
2025-02-18 09:00:00,0.9671097948631839,5.847953216374269,2.0,21.188211
2025-02-18 10:00:00,0.9546526767704627,5.847953216374269,2.0,20.832403
2025-02-18 11:00:00,0.9991532102314552,6.430868167202571,2.0,20.412766
2025-02-18 12:00:00,0.9562204448261891,6.430868167202571,2.0,20.042496
2025-02-18 13:00:00,1.0087780497902996,6.430868167202571,2.0,19.816477
2025-02-18 14:00:00,1.0836760428373997,4.291845493562232,352.0,19.803831
2025-02-18 15:00:00,1.0324031423698095,4.9504950495049505,358.0,19.977705
2025-02-18 16:00:00,1.0493161297632088,5.361930294906166,356.0,20.304663
2025-02-18 17:00:00,1.0586344245973252,5.361930294906166,358.0,20.707651
2025-02-18 18:00:00,0.9984790454141643,7.142857142857142,16.0,21.088545
2025-02-18 19:00:00,0.937407064074828,6.430868167202571,2.0,21.348648
2025-02-18 20:00:00,0.8825713755603786,6.430868167202571,2.0,21.43753
2025-02-18 21:00:00,0.842538388501529,6.430868167202571,2.0,21.325417
2025-02-18 22:00:00,0.8186113871559015,6.430868167202571,2.0,21.038992
2025-02-18 23:00:00,0.8448147315393091,6.430868167202571,14.0,20.677511
2025-02-19 00:00:00,0.8908330093353368,5.847953216374269,2.0,20.347351
2025-02-19 01:00:00,0.9463086469778522,5.847953216374269,0.0,20.133183
2025-02-19 02:00:00,0.9587348621424832,5.847953216374269,358.0,20.115473
2025-02-19 03:00:00,0.9311626474285843,6.430868167202571,2.0,20.259512
2025-02-19 04:00:00,0.9971233316732113,6.430868167202571,2.0,20.568777
2025-02-19 05:00:00,1.0123987798859726,6.430868167202571,2.0,20.954748
2025-02-19 06:00:00,1.1885462690970863,7.142857142857142,24.0,21.3719
2025-02-19 07:00:00,1.1325350604090099,6.430868167202571,2.0,21.69802
2025-02-19 08:00:00,1.0682497173116543,6.430868167202571,2.0,21.844662
2025-02-19 09:00:00,1.0711286673544218,7.142857142857142,2.0,21.777613
2025-02-19 10:00:00,1.0316931616418097,7.142857142857142,2.0,21.53951
2025-02-19 11:00:00,0.935737346153066,6.430868167202571,2.0,21.174232
2025-02-19 12:00:00,0.9511780532360131,7.142857142857142,24.0,20.794905
2025-02-19 13:00:00,1.0320622825035757,7.142857142857142,28.0,20.480398
2025-02-19 14:00:00,0.9779899236463288,5.847953216374269,2.0,20.322472
2025-02-19 15:00:00,0.8438398043197858,5.847953216374269,2.0,20.347681
2025-02-19 16:00:00,0.7817351212988682,5.847953216374269,2.0,20.53184
2025-02-19 17:00:00,0.7605145135312493,4.291845493562232,356.0,20.839138
2025-02-19 18:00:00,0.7489250214685012,4.0241448692152915,356.0,21.199352
2025-02-19 19:00:00,0.7193945609608933,4.9504950495049505,0.0,21.498386
2025-02-19 20:00:00,0.7071429835805964,4.9504950495049505,2.0,21.671345
2025-02-19 21:00:00,0.611404374435999,4.597701149425287,358.0,21.66802
2025-02-19 22:00:00,0.5519167492252065,4.597701149425287,2.0,21.486097
2025-02-19 23:00:00,0.4709081766349844,4.291845493562232,2.0,21.181028
