datetime,WVHT,DPD,APD,MWD
2024-10-01 00:00:00,99.00,99.00,99.00,
2024-10-01 00:10:00,1.52,10.81,5.72,74
2024-10-01 00:20:00,99.00,99.00,99.00,
2024-10-01 00:30:00,99.00,99.00,99.00,
2024-10-01 00:40:00,1.43,10.81,5.70,76
2024-10-01 00:50:00,99.00,99.00,99.00,
2024-10-01 01:00:00,99.00,99.00,99.00,
2024-10-01 01:10:00,1.48,10.81,6.04,85
2024-10-01 01:20:00,99.00,99.00,99.00,
2024-10-01 01:30:00,99.00,99.00,99.00,
2024-10-01 01:40:00,1.42,10.00,5.89,77
2024-10-01 01:50:00,99.00,99.00,99.00,
2024-10-01 02:00:00,99.00,99.00,99.00,
2024-10-01 02:10:00,1.39,10.81,5.78,81
2024-10-01 02:20:00,99.00,99.00,99.00,
2024-10-01 02:30:00,99.00,99.00,99.00,
2024-10-01 02:40:00,1.41,10.81,5.83,93
2024-10-01 02:50:00,99.00,99.00,99.00,
2024-10-01 03:00:00,99.00,99.00,99.00,
2024-10-01 03:10:00,1.41,10.81,5.77,77
2024-10-01 03:20:00,99.00,99.00,99.00,
2024-10-01 03:30:00,99.00,99.00,99.00,
2024-10-01 03:40:00,1.43,11.43,6.06,87
2024-10-01 03:50:00,99.00,99.00,99.00,
2024-10-01 04:00:00,99.00,99.00,99.00,
2024-10-01 04:10:00,1.41,10.81,5.89,86
2024-10-01 04:20:00,99.00,99.00,99.00,
2024-10-01 04:30:00,99.00,99.00,99.00,
2024-10-01 04:40:00,1.41,10.81,5.87,94
2024-10-01 04:50:00,99.00,99.00,99.00,
2024-10-01 05:00:00,99.00,99.00,99.00,
2024-10-01 05:10:00,1.41,10.81,5.90,85
2024-10-01 05:20:00,99.00,99.00,99.00,
2024-10-01 05:30:00,99.00,99.00,99.00,
2024-10-01 05:40:00,1.46,11.43,5.73,85
2024-10-01 05:50:00,99.00,99.00,99.00,
2024-10-01 06:00:00,99.00,99.00,99.00,
2024-10-01 06:10:00,1.42,10.81,5.57,85
2024-10-01 06:20:00,99.00,99.00,99.00,
2024-10-01 06:30:00,99.00,99.00,99.00,
2024-10-01 06:40:00,1.56,11.43,5.87,98
2024-10-01 06:50:00,99.00,99.00,99.00,
2024-10-01 07:00:00,99.00,99.00,99.00,
2024-10-01 07:10:00,1.62,10.00,6.21,69
2024-10-01 07:20:00,99.00,99.00,99.00,
2024-10-01 07:30:00,99.00,99.00,99.00,
2024-10-01 07:40:00,1.63,11.43,5.99,87
2024-10-01 07:50:00,99.00,99.00,99.00,
2024-10-01 08:00:00,99.00,99.00,99.00,
2024-10-01 08:10:00,1.66,10.81,5.94,93
2024-10-01 08:20:00,99.00,99.00,99.00,
2024-10-01 08:30:00,99.00,99.00,99.00,
2024-10-01 08:40:00,1.62,10.81,5.86,93
2024-10-01 08:50:00,99.00,99.00,99.00,
2024-10-01 09:00:00,99.00,99.00,99.00,
2024-10-01 09:10:00,1.55,10.00,5.66,87
2024-10-01 09:20:00,99.00,99.00,99.00,
2024-10-01 09:30:00,99.00,99.00,99.00,
2024-10-01 09:40:00,1.63,11.43,5.78,86
2024-10-01 09:50:00,99.00,99.00,99.00,
2024-10-01 10:00:00,99.00,99.00,99.00,
2024-10-01 10:10:00,1.62,9.09,5.95,73
2024-10-01 10:20:00,99.00,99.00,99.00,
2024-10-01 10:30:00,99.00,99.00,99.00,
2024-10-01 10:40:00,1.54,10.00,5.67,80
2024-10-01 10:50:00,99.00,99.00,99.00,
2024-10-01 11:00:00,99.00,99.00,99.00,
2024-10-01 11:10:00,1.61,10.81,5.81,97
2024-10-01 11:20:00,99.00,99.00,99.00,
2024-10-01 11:30:00,99.00,99.00,99.00,
2024-10-01 11:40:00,1.46,10.81,5.72,68
2024-10-01 11:50:00,99.00,99.00,99.00,
2024-10-01 12:00:00,99.00,99.00,99.00,
2024-10-01 12:10:00,1.46,9.09,5.72,85
2024-10-01 12:20:00,99.00,99.00,99.00,
2024-10-01 12:30:00,99.00,99.00,99.00,
2024-10-01 12:40:00,1.38,9.09,5.40,67
2024-10-01 12:50:00,99.00,99.00,99.00,
2024-10-01 13:00:00,99.00,99.00,99.00,
2024-10-01 13:10:00,1.40,10.81,5.57,75
2024-10-01 13:20:00,99.00,99.00,99.00,
2024-10-01 13:30:00,99.00,99.00,99.00,
2024-10-01 13:40:00,1.30,10.81,5.28,82
2024-10-01 13:50:00,99.00,99.00,99.00,
2024-10-01 14:00:00,99.00,99.00,99.00,
2024-10-01 14:10:00,1.30,9.09,5.29,67
2024-10-01 14:20:00,99.00,99.00,99.00,
2024-10-01 14:30:00,99.00,99.00,99.00,
2024-10-01 14:40:00,1.34,10.00,5.27,82
2024-10-01 14:50:00,99.00,99.00,99.00,
2024-10-01 15:00:00,99.00,99.00,99.00,
2024-10-01 15:10:00,1.37,9.09,5.21,76
2024-10-01 15:20:00,99.00,99.00,99.00,
2024-10-01 15:30:00,99.00,99.00,99.00,
2024-10-01 15:40:00,1.40,10.81,5.28,107
2024-10-01 15:50:00,99.00,99.00,99.00,
2024-10-01 16:00:00,99.00,99.00,99.00,
2024-10-01 16:10:00,1.42,10.81,5.02,91
2024-10-01 16:20:00,99.00,99.00,99.00,
2024-10-01 16:30:00,99.00,99.00,99.00,
2024-10-01 16:40:00,1.58,10.81,5.10,98
2024-10-01 16:50:00,99.00,99.00,99.00,
2024-10-01 17:00:00,99.00,99.00,99.00,
2024-10-01 17:10:00,1.71,10.81,5.47,90
2024-10-01 17:20:00,99.00,99.00,99.00,
2024-10-01 17:30:00,99.00,99.00,99.00,
2024-10-01 17:40:00,1.72,10.00,5.34,82
2024-10-01 17:50:00,99.00,99.00,99.00,
2024-10-01 18:00:00,99.00,99.00,99.00,
2024-10-01 18:10:00,1.62,10.00,5.35,87
2024-10-01 18:20:00,99.00,99.00,99.00,
2024-10-01 18:30:00,99.00,99.00,99.00,
2024-10-01 18:40:00,1.69,10.81,5.15,93
2024-10-01 18:50:00,99.00,99.00,99.00,
2024-10-01 19:00:00,99.00,99.00,99.00,
2024-10-01 19:10:00,1.73,10.81,5.43,77
2024-10-01 19:20:00,99.00,99.00,99.00,
2024-10-01 19:30:00,99.00,99.00,99.00,
2024-10-01 19:40:00,1.97,10.81,5.47,83
2024-10-01 19:50:00,99.00,99.00,99.00,
2024-10-01 20:00:00,99.00,99.00,99.00,
2024-10-01 20:10:00,1.86,10.00,5.27,81
2024-10-01 20:20:00,99.00,99.00,99.00,
2024-10-01 20:30:00,99.00,99.00,99.00,
2024-10-01 20:40:00,1.83,11.43,5.24,92
2024-10-01 20:50:00,99.00,99.00,99.00,
2024-10-01 21:00:00,99.00,99.00,99.00,
2024-10-01 21:10:00,1.85,10.00,5.26,77
2024-10-01 21:20:00,99.00,99.00,99.00,
2024-10-01 21:30:00,99.00,99.00,99.00,
2024-10-01 21:40:00,1.84,11.43,5.26,89
2024-10-01 21:50:00,99.00,99.00,99.00,
2024-10-01 22:00:00,99.00,99.00,99.00,
2024-10-01 22:10:00,1.92,11.43,5.14,84
2024-10-01 22:20:00,99.00,99.00,99.00,
2024-10-01 22:30:00,99.00,99.00,99.00,
2024-10-01 22:40:00,1.91,12.12,5.28,105
2024-10-01 22:50:00,99.00,99.00,99.00,
2024-10-01 23:00:00,99.00,99.00,99.00,
2024-10-01 23:10:00,2.04,10.81,5.40,83
2024-10-01 23:20:00,99.00,99.00,99.00,
2024-10-01 23:30:00,99.00,99.00,99.00,
2024-10-01 23:40:00,99.00,99.00,99.00,
2024-10-01 23:50:00,99.00,99.00,99.00,
2024-10-02 00:00:00,99.00,99.00,99.00,
2024-10-02 00:10:00,2.04,12.90,5.46,88
2024-10-02 00:20:00,99.00,99.00,99.00,
2024-10-02 00:30:00,99.00,99.00,99.00,
2024-10-02 00:40:00,1.98,11.43,5.56,81
2024-10-02 00:50:00,99.00,99.00,99.00,
2024-10-02 01:00:00,99.00,99.00,99.00,
2024-10-02 01:10:00,2.10,12.12,5.69,86
2024-10-02 01:20:00,99.00,99.00,99.00,
2024-10-02 01:30:00,99.00,99.00,99.00,
2024-10-02 01:40:00,1.93,5.88,5.42,69
2024-10-02 01:50:00,99.00,99.00,99.00,
2024-10-02 02:00:00,99.00,99.00,99.00,
2024-10-02 02:10:00,2.07,12.90,5.81,85
2024-10-02 02:20:00,99.00,99.00,99.00,
2024-10-02 02:30:00,99.00,99.00,99.00,
2024-10-02 02:40:00,1.92,6.25,5.45,73
2024-10-02 02:50:00,99.00,99.00,99.00,
2024-10-02 03:00:00,99.00,99.00,99.00,
2024-10-02 03:10:00,2.09,12.12,5.65,79
2024-10-02 03:20:00,99.00,99.00,99.00,
2024-10-02 03:30:00,99.00,99.00,99.00,
2024-10-02 03:40:00,2.10,6.25,5.58,83
2024-10-02 03:50:00,99.00,99.00,99.00,
2024-10-02 04:00:00,99.00,99.00,99.00,
2024-10-02 04:10:00,2.16,11.43,5.84,83
2024-10-02 04:20:00,99.00,99.00,99.00,
2024-10-02 04:30:00,99.00,99.00,99.00,
2024-10-02 04:40:00,2.08,5.26,5.56,78
2024-10-02 04:50:00,99.00,99.00,99.00,
2024-10-02 05:00:00,99.00,99.00,99.00,
2024-10-02 05:10:00,2.28,12.12,5.86,84
2024-10-02 05:20:00,99.00,99.00,99.00,
2024-10-02 05:30:00,99.00,99.00,99.00,
2024-10-02 05:40:00,2.25,6.67,5.62,89
2024-10-02 05:50:00,99.00,99.00,99.00,
2024-10-02 06:00:00,99.00,99.00,99.00,
2024-10-02 06:10:00,2.24,6.67,5.63,89
2024-10-02 06:20:00,99.00,99.00,99.00,
2024-10-02 06:30:00,99.00,99.00,99.00,
2024-10-02 06:40:00,2.30,5.88,5.88,79
2024-10-02 06:50:00,99.00,99.00,99.00,
2024-10-02 07:00:00,99.00,99.00,99.00,
2024-10-02 07:10:00,2.46,12.90,5.78,87
2024-10-02 07:20:00,99.00,99.00,99.00,
2024-10-02 07:30:00,99.00,99.00,99.00,
2024-10-02 07:40:00,2.48,6.25,5.74,73
2024-10-02 07:50:00,99.00,99.00,99.00,
2024-10-02 08:00:00,99.00,99.00,99.00,
2024-10-02 08:10:00,2.38,7.69,5.72,103
2024-10-02 08:20:00,99.00,99.00,99.00,
2024-10-02 08:30:00,99.00,99.00,99.00,
2024-10-02 08:40:00,2.39,6.25,5.68,70
2024-10-02 08:50:00,99.00,99.00,99.00,
2024-10-02 09:00:00,99.00,99.00,99.00,
2024-10-02 09:10:00,2.30,12.12,5.55,95
2024-10-02 09:20:00,99.00,99.00,99.00,
2024-10-02 09:30:00,99.00,99.00,99.00,
2024-10-02 09:40:00,2.28,12.12,5.63,89
2024-10-02 09:50:00,99.00,99.00,99.00,
2024-10-02 10:00:00,99.00,99.00,99.00,
2024-10-02 10:10:00,2.23,6.25,5.50,67
2024-10-02 10:20:00,99.00,99.00,99.00,
2024-10-02 10:30:00,99.00,99.00,99.00,
2024-10-02 10:40:00,2.28,6.67,5.51,86
2024-10-02 10:50:00,99.00,99.00,99.00,
2024-10-02 11:00:00,99.00,99.00,99.00,
2024-10-02 11:10:00,2.35,5.88,5.80,79
2024-10-02 11:20:00,99.00,99.00,99.00,
2024-10-02 11:30:00,99.00,99.00,99.00,
2024-10-02 11:40:00,2.22,6.67,5.68,94
2024-10-02 11:50:00,99.00,99.00,99.00,
2024-10-02 12:00:00,99.00,99.00,99.00,
2024-10-02 12:10:00,2.20,13.79,5.69,68
2024-10-02 12:20:00,99.00,99.00,99.00,
2024-10-02 12:30:00,99.00,99.00,99.00,
2024-10-02 12:40:00,2.09,7.14,5.56,88
2024-10-02 12:50:00,99.00,99.00,99.00,
2024-10-02 13:00:00,99.00,99.00,99.00,
2024-10-02 13:10:00,2.17,12.90,5.80,100
2024-10-02 13:20:00,99.00,99.00,99.00,
2024-10-02 13:30:00,99.00,99.00,99.00,
2024-10-02 13:40:00,2.11,12.12,5.88,74
2024-10-02 13:50:00,99.00,99.00,99.00,
2024-10-02 14:00:00,99.00,99.00,99.00,
2024-10-02 14:10:00,2.16,7.69,5.76,92
2024-10-02 14:20:00,99.00,99.00,99.00,
2024-10-02 14:30:00,99.00,99.00,99.00,
2024-10-02 14:40:00,2.17,7.69,5.90,95
2024-10-02 14:50:00,99.00,99.00,99.00,
2024-10-02 15:00:00,99.00,99.00,99.00,
2024-10-02 15:10:00,2.16,10.81,5.85,92
2024-10-02 15:20:00,99.00,99.00,99.00,
2024-10-02 15:30:00,99.00,99.00,99.00,
2024-10-02 15:40:00,2.18,12.90,5.84,74
2024-10-02 15:50:00,99.00,99.00,99.00,
2024-10-02 16:00:00,99.00,99.00,99.00,
2024-10-02 16:10:00,2.03,12.12,5.84,74
2024-10-02 16:20:00,99.00,99.00,99.00,
2024-10-02 16:30:00,99.00,99.00,99.00,
2024-10-02 16:40:00,2.10,12.12,5.78,80
2024-10-02 16:50:00,99.00,99.00,99.00,
2024-10-02 17:00:00,99.00,99.00,99.00,
2024-10-02 17:10:00,2.20,11.43,5.89,84
2024-10-02 17:20:00,99.00,99.00,99.00,
2024-10-02 17:30:00,99.00,99.00,99.00,
2024-10-02 17:40:00,2.29,12.12,5.98,96
2024-10-02 17:50:00,99.00,99.00,99.00,
2024-10-02 18:00:00,99.00,99.00,99.00,
2024-10-02 18:10:00,2.26,12.12,6.03,92
2024-10-02 18:20:00,99.00,99.00,99.00,
2024-10-02 18:30:00,99.00,99.00,99.00,
2024-10-02 18:40:00,2.34,12.12,6.09,89
2024-10-02 18:50:00,99.00,99.00,99.00,
2024-10-02 19:00:00,99.00,99.00,99.00,
2024-10-02 19:10:00,2.28,6.67,5.91,100
2024-10-02 19:20:00,99.00,99.00,99.00,
2024-10-02 19:30:00,99.00,99.00,99.00,
2024-10-02 19:40:00,2.04,10.00,5.63,76
2024-10-02 19:50:00,99.00,99.00,99.00,
2024-10-02 20:00:00,99.00,99.00,99.00,
2024-10-02 20:10:00,2.13,11.43,5.80,93
2024-10-02 20:20:00,99.00,99.00,99.00,
2024-10-02 20:30:00,99.00,99.00,99.00,
2024-10-02 20:40:00,2.14,6.67,5.71,79
2024-10-02 20:50:00,99.00,99.00,99.00,
2024-10-02 21:00:00,99.00,99.00,99.00,
2024-10-02 21:10:00,2.15,11.43,5.80,80
2024-10-02 21:20:00,99.00,99.00,99.00,
2024-10-02 21:30:00,99.00,99.00,99.00,
2024-10-02 21:40:00,2.17,6.67,5.80,83
2024-10-02 21:50:00,99.00,99.00,99.00,
2024-10-02 22:00:00,99.00,99.00,99.00,
2024-10-02 22:10:00,2.09,11.43,5.70,
2024-10-02 22:20:00,99.00,99.00,99.00,
2024-10-02 22:30:00,99.00,99.00,99.00,
2024-10-02 22:40:00,2.14,11.43,5.76,102
2024-10-02 22:50:00,99.00,99.00,99.00,
2024-10-02 23:00:00,99.00,99.00,99.00,
2024-10-02 23:10:00,2.17,11.43,5.81,73
2024-10-02 23:20:00,99.00,99.00,99.00,
2024-10-02 23:30:00,99.00,99.00,99.00,
2024-10-02 23:40:00,2.23,7.14,6.06,86
2024-10-02 23:50:00,99.00,99.00,99.00,
2024-10-03 00:00:00,99.00,99.00,99.00,
2024-10-03 00:10:00,2.01,7.69,5.87,103
2024-10-03 00:20:00,99.00,99.00,99.00,
2024-10-03 00:30:00,99.00,99.00,99.00,
2024-10-03 00:40:00,1.85,7.69,5.71,108
2024-10-03 00:50:00,99.00,99.00,99.00,
2024-10-03 01:00:00,99.00,99.00,99.00,
2024-10-03 01:10:00,1.88,7.69,5.79,109
2024-10-03 01:20:00,99.00,99.00,99.00,
2024-10-03 01:30:00,99.00,99.00,99.00,
2024-10-03 01:40:00,1.86,7.14,5.84,116
2024-10-03 01:50:00,99.00,99.00,99.00,
2024-10-03 02:00:00,99.00,99.00,99.00,
2024-10-03 02:10:00,1.84,8.33,5.97,106
2024-10-03 02:20:00,99.00,99.00,99.00,
2024-10-03 02:30:00,99.00,99.00,99.00,
2024-10-03 02:40:00,1.63,10.81,5.98,85
2024-10-03 02:50:00,99.00,99.00,99.00,
2024-10-03 03:00:00,99.00,99.00,99.00,
2024-10-03 03:10:00,1.70,10.81,6.24,90
2024-10-03 03:20:00,99.00,99.00,99.00,
2024-10-03 03:30:00,99.00,99.00,99.00,
2024-10-03 03:40:00,1.74,7.69,6.34,93
2024-10-03 03:50:00,99.00,99.00,99.00,
2024-10-03 04:00:00,99.00,99.00,99.00,
2024-10-03 04:10:00,1.71,10.00,6.09,
2024-10-03 04:20:00,99.00,99.00,99.00,
2024-10-03 04:30:00,99.00,99.00,99.00,
2024-10-03 04:40:00,1.68,11.43,6.17,98
2024-10-03 04:50:00,99.00,99.00,99.00,
2024-10-03 05:00:00,99.00,99.00,99.00,
2024-10-03 05:10:00,1.68,7.14,6.27,90
2024-10-03 05:20:00,99.00,99.00,99.00,
2024-10-03 05:30:00,99.00,99.00,99.00,
2024-10-03 05:40:00,1.70,12.12,6.37,
2024-10-03 05:50:00,99.00,99.00,99.00,
2024-10-03 06:00:00,99.00,99.00,99.00,
2024-10-03 06:10:00,1.74,10.81,6.16,93
2024-10-03 06:20:00,99.00,99.00,99.00,
2024-10-03 06:30:00,99.00,99.00,99.00,
2024-10-03 06:40:00,1.82,8.33,6.26,107
2024-10-03 06:50:00,99.00,99.00,99.00,
2024-10-03 07:00:00,99.00,99.00,99.00,
2024-10-03 07:10:00,1.85,11.43,6.40,83
2024-10-03 07:20:00,99.00,99.00,99.00,
2024-10-03 07:30:00,99.00,99.00,99.00,
2024-10-03 07:40:00,1.78,8.33,6.33,112
2024-10-03 07:50:00,99.00,99.00,99.00,
2024-10-03 08:00:00,99.00,99.00,99.00,
2024-10-03 08:10:00,1.72,8.33,6.20,110
2024-10-03 08:20:00,99.00,99.00,99.00,
2024-10-03 08:30:00,99.00,99.00,99.00,
2024-10-03 08:40:00,1.76,7.69,6.11,119
2024-10-03 08:50:00,99.00,99.00,99.00,
2024-10-03 09:00:00,99.00,99.00,99.00,
2024-10-03 09:10:00,1.79,7.14,5.92,119
2024-10-03 09:20:00,99.00,99.00,99.00,
2024-10-03 09:30:00,99.00,99.00,99.00,
2024-10-03 09:40:00,1.88,10.81,6.24,105
2024-10-03 09:50:00,99.00,99.00,99.00,
2024-10-03 10:00:00,99.00,99.00,99.00,
2024-10-03 10:10:00,1.82,7.69,6.06,122
2024-10-03 10:20:00,99.00,99.00,99.00,
2024-10-03 10:30:00,99.00,99.00,99.00,
2024-10-03 10:40:00,1.78,10.81,6.13,100
2024-10-03 10:50:00,99.00,99.00,99.00,
2024-10-03 11:00:00,99.00,99.00,99.00,
2024-10-03 11:10:00,1.89,7.69,6.26,117
2024-10-03 11:20:00,99.00,99.00,99.00,
2024-10-03 11:30:00,99.00,99.00,99.00,
2024-10-03 11:40:00,1.83,12.12,6.22,95
2024-10-03 11:50:00,99.00,99.00,99.00,
2024-10-03 12:00:00,99.00,99.00,99.00,
2024-10-03 12:10:00,1.80,8.33,6.08,122
2024-10-03 12:20:00,99.00,99.00,99.00,
2024-10-03 12:30:00,99.00,99.00,99.00,
2024-10-03 12:40:00,1.70,9.09,6.10,95
2024-10-03 12:50:00,99.00,99.00,99.00,
2024-10-03 13:00:00,99.00,99.00,99.00,
2024-10-03 13:10:00,1.63,9.09,6.22,109
2024-10-03 13:20:00,99.00,99.00,99.00,
2024-10-03 13:30:00,99.00,99.00,99.00,
2024-10-03 13:40:00,1.77,7.69,6.37,103
2024-10-03 13:50:00,99.00,99.00,99.00,
2024-10-03 14:00:00,99.00,99.00,99.00,
2024-10-03 14:10:00,1.72,9.09,6.41,109
2024-10-03 14:20:00,99.00,99.00,99.00,
2024-10-03 14:30:00,99.00,99.00,99.00,
2024-10-03 14:40:00,1.68,10.81,6.65,100
2024-10-03 14:50:00,99.00,99.00,99.00,
2024-10-03 15:00:00,99.00,99.00,99.00,
2024-10-03 15:10:00,1.77,9.09,6.72,111
2024-10-03 15:20:00,99.00,99.00,99.00,
2024-10-03 15:30:00,99.00,99.00,99.00,
2024-10-03 15:40:00,1.56,10.00,6.46,113
2024-10-03 15:50:00,99.00,99.00,99.00,
2024-10-03 16:00:00,99.00,99.00,99.00,
2024-10-03 16:10:00,1.66,10.00,6.76,106
2024-10-03 16:20:00,99.00,99.00,99.00,
2024-10-03 16:30:00,99.00,99.00,99.00,
2024-10-03 16:40:00,1.64,8.33,6.71,117
2024-10-03 16:50:00,99.00,99.00,99.00,
2024-10-03 17:00:00,99.00,99.00,99.00,
2024-10-03 17:10:00,1.50,12.12,6.83,89
2024-10-03 17:20:00,99.00,99.00,99.00,
2024-10-03 17:30:00,99.00,99.00,99.00,
2024-10-03 17:40:00,1.68,10.00,6.82,91
2024-10-03 17:50:00,99.00,99.00,99.00,
2024-10-03 18:00:00,99.00,99.00,99.00,
2024-10-03 18:10:00,1.70,11.43,6.82,104
2024-10-03 18:20:00,99.00,99.00,99.00,
2024-10-03 18:30:00,99.00,99.00,99.00,
2024-10-03 18:40:00,1.69,10.00,6.83,95
2024-10-03 18:50:00,99.00,99.00,99.00,
2024-10-03 19:00:00,99.00,99.00,99.00,
2024-10-03 19:10:00,1.68,9.09,6.81,104
2024-10-03 19:20:00,99.00,99.00,99.00,
2024-10-03 19:30:00,99.00,99.00,99.00,
2024-10-03 19:40:00,1.60,10.00,6.78,103
2024-10-03 19:50:00,99.00,99.00,99.00,
2024-10-03 20:00:00,99.00,99.00,99.00,
2024-10-03 20:10:00,1.64,8.33,6.85,93
2024-10-03 20:20:00,99.00,99.00,99.00,
2024-10-03 20:30:00,99.00,99.00,99.00,
2024-10-03 20:40:00,1.73,10.81,7.08,94
2024-10-03 20:50:00,99.00,99.00,99.00,
2024-10-03 21:00:00,99.00,99.00,99.00,
2024-10-03 21:10:00,1.77,11.43,6.97,84
2024-10-03 21:20:00,99.00,99.00,99.00,
2024-10-03 21:30:00,99.00,99.00,99.00,
2024-10-03 21:40:00,1.68,9.09,6.68,109
2024-10-03 21:50:00,99.00,99.00,99.00,
2024-10-03 22:00:00,99.00,99.00,99.00,
2024-10-03 22:10:00,1.73,9.09,6.99,109
2024-10-03 22:20:00,99.00,99.00,99.00,
2024-10-03 22:30:00,99.00,99.00,99.00,
2024-10-03 22:40:00,1.77,10.00,6.78,101
2024-10-03 22:50:00,99.00,99.00,99.00,
2024-10-03 23:00:00,99.00,99.00,99.00,
2024-10-03 23:10:00,1.51,11.43,6.65,86
2024-10-03 23:20:00,99.00,99.00,99.00,
2024-10-03 23:30:00,99.00,99.00,99.00,
2024-10-03 23:40:00,1.70,9.09,6.94,98
2024-10-03 23:50:00,99.00,99.00,99.00,
2024-10-04 00:00:00,99.00,99.00,99.00,
2024-10-04 00:10:00,1.72,9.09,7.08,118
2024-10-04 00:20:00,99.00,99.00,99.00,
2024-10-04 00:30:00,99.00,99.00,99.00,
2024-10-04 00:40:00,1.61,12.12,7.04,77
2024-10-04 00:50:00,99.00,99.00,99.00,
2024-10-04 01:00:00,99.00,99.00,99.00,
2024-10-04 01:10:00,1.67,9.09,7.28,107
2024-10-04 01:20:00,99.00,99.00,99.00,
2024-10-04 01:30:00,99.00,99.00,99.00,
2024-10-04 01:40:00,1.65,11.43,7.17,71
2024-10-04 01:50:00,99.00,99.00,99.00,
2024-10-04 02:00:00,99.00,99.00,99.00,
2024-10-04 02:10:00,1.63,9.09,7.38,119
2024-10-04 02:20:00,99.00,99.00,99.00,
2024-10-04 02:30:00,99.00,99.00,99.00,
2024-10-04 02:40:00,1.64,8.33,7.31,110
2024-10-04 02:50:00,99.00,99.00,99.00,
2024-10-04 03:00:00,99.00,99.00,99.00,
2024-10-04 03:10:00,1.64,9.09,7.59,101
2024-10-04 03:20:00,99.00,99.00,99.00,
2024-10-04 03:30:00,99.00,99.00,99.00,
2024-10-04 03:40:00,1.62,9.09,7.70,98
2024-10-04 03:50:00,99.00,99.00,99.00,
2024-10-04 04:00:00,99.00,99.00,99.00,
2024-10-04 04:10:00,1.65,12.12,7.64,79
2024-10-04 04:20:00,99.00,99.00,99.00,
2024-10-04 04:30:00,99.00,99.00,99.00,
2024-10-04 04:40:00,1.57,10.00,7.70,80
2024-10-04 04:50:00,99.00,99.00,99.00,
2024-10-04 05:00:00,99.00,99.00,99.00,
2024-10-04 05:10:00,1.55,10.81,7.66,80
2024-10-04 05:20:00,99.00,99.00,99.00,
2024-10-04 05:30:00,99.00,99.00,99.00,
2024-10-04 05:40:00,1.58,10.00,7.87,91
2024-10-04 05:50:00,99.00,99.00,99.00,
2024-10-04 06:00:00,99.00,99.00,99.00,
2024-10-04 06:10:00,1.55,9.09,7.77,115
2024-10-04 06:20:00,99.00,99.00,99.00,
2024-10-04 06:30:00,99.00,99.00,99.00,
2024-10-04 06:40:00,1.49,11.43,7.77,92
2024-10-04 06:50:00,99.00,99.00,99.00,
2024-10-04 07:00:00,99.00,99.00,99.00,
2024-10-04 07:10:00,1.62,10.00,7.91,114
2024-10-04 07:20:00,99.00,99.00,99.00,
2024-10-04 07:30:00,99.00,99.00,99.00,
2024-10-04 07:40:00,1.73,10.81,7.85,106
2024-10-04 07:50:00,99.00,99.00,99.00,
2024-10-04 08:00:00,99.00,99.00,99.00,
2024-10-04 08:10:00,1.61,10.00,7.48,115
2024-10-04 08:20:00,99.00,99.00,99.00,
2024-10-04 08:30:00,99.00,99.00,99.00,
2024-10-04 08:40:00,1.58,8.33,7.45,120
2024-10-04 08:50:00,99.00,99.00,99.00,
2024-10-04 09:00:00,99.00,99.00,99.00,
2024-10-04 09:10:00,1.75,10.00,7.58,110
2024-10-04 09:20:00,99.00,99.00,99.00,
2024-10-04 09:30:00,99.00,99.00,99.00,
2024-10-04 09:40:00,1.53,10.00,7.37,109
2024-10-04 09:50:00,99.00,99.00,99.00,
2024-10-04 10:00:00,99.00,99.00,99.00,
2024-10-04 10:10:00,1.62,8.33,7.36,115
2024-10-04 10:20:00,99.00,99.00,99.00,
2024-10-04 10:30:00,99.00,99.00,99.00,
2024-10-04 10:40:00,1.72,10.00,7.54,112
2024-10-04 10:50:00,99.00,99.00,99.00,
2024-10-04 11:00:00,99.00,99.00,99.00,
2024-10-04 11:10:00,1.52,10.81,7.29,89
2024-10-04 11:20:00,99.00,99.00,99.00,
2024-10-04 11:30:00,99.00,99.00,99.00,
2024-10-04 11:40:00,1.57,10.00,7.17,90
2024-10-04 11:50:00,99.00,99.00,99.00,
2024-10-04 12:00:00,99.00,99.00,99.00,
2024-10-04 12:10:00,99.00,99.00,99.00,
2024-10-04 12:20:00,99.00,99.00,99.00,
2024-10-04 12:30:00,99.00,99.00,99.00,
2024-10-04 12:40:00,1.60,11.43,7.39,111
2024-10-04 12:50:00,99.00,99.00,99.00,
2024-10-04 13:00:00,99.00,99.00,99.00,
2024-10-04 13:10:00,1.49,10.81,7.20,92
2024-10-04 13:20:00,99.00,99.00,99.00,
2024-10-04 13:30:00,99.00,99.00,99.00,
2024-10-04 13:40:00,1.45,9.09,7.22,109
2024-10-04 13:50:00,99.00,99.00,99.00,
2024-10-04 14:00:00,99.00,99.00,99.00,
2024-10-04 14:10:00,1.40,9.09,7.17,93
2024-10-04 14:20:00,99.00,99.00,99.00,
2024-10-04 14:30:00,99.00,99.00,99.00,
2024-10-04 14:40:00,1.48,11.43,6.98,82
2024-10-04 14:50:00,99.00,99.00,99.00,
2024-10-04 15:00:00,99.00,99.00,99.00,
2024-10-04 15:10:00,1.48,10.00,7.39,103
2024-10-04 15:20:00,99.00,99.00,99.00,
2024-10-04 15:30:00,99.00,99.00,99.00,
2024-10-04 15:40:00,1.51,11.43,7.66,85
2024-10-04 15:50:00,99.00,99.00,99.00,
2024-10-04 16:00:00,99.00,99.00,99.00,
2024-10-04 16:10:00,1.37,10.81,7.27,84
2024-10-04 16:20:00,99.00,99.00,99.00,
2024-10-04 16:30:00,99.00,99.00,99.00,
2024-10-04 16:40:00,1.45,11.43,7.66,89
2024-10-04 16:50:00,99.00,99.00,99.00,
2024-10-04 17:00:00,99.00,99.00,99.00,
2024-10-04 17:10:00,1.51,10.81,7.94,94
2024-10-04 17:20:00,99.00,99.00,99.00,
2024-10-04 17:30:00,99.00,99.00,99.00,
2024-10-04 17:40:00,1.39,10.00,7.67,105
2024-10-04 17:50:00,99.00,99.00,99.00,
2024-10-04 18:00:00,99.00,99.00,99.00,
2024-10-04 18:10:00,1.44,9.09,7.64,103
2024-10-04 18:20:00,99.00,99.00,99.00,
2024-10-04 18:30:00,99.00,99.00,99.00,
2024-10-04 18:40:00,1.36,9.09,7.42,121
2024-10-04 18:50:00,99.00,99.00,99.00,
2024-10-04 19:00:00,99.00,99.00,99.00,
2024-10-04 19:10:00,1.30,9.09,7.17,90
2024-10-04 19:20:00,99.00,99.00,99.00,
2024-10-04 19:30:00,99.00,99.00,99.00,
2024-10-04 19:40:00,1.52,10.00,7.64,108
2024-10-04 19:50:00,99.00,99.00,99.00,
2024-10-04 20:00:00,99.00,99.00,99.00,
2024-10-04 20:10:00,1.30,10.81,7.07,113
2024-10-04 20:20:00,99.00,99.00,99.00,
2024-10-04 20:30:00,99.00,99.00,99.00,
2024-10-04 20:40:00,1.47,10.81,7.40,101
2024-10-04 20:50:00,99.00,99.00,99.00,
2024-10-04 21:00:00,99.00,99.00,99.00,
2024-10-04 21:10:00,1.39,8.33,6.83,111
2024-10-04 21:20:00,99.00,99.00,99.00,
2024-10-04 21:30:00,99.00,99.00,99.00,
2024-10-04 21:40:00,1.46,9.09,6.94,124
2024-10-04 21:50:00,99.00,99.00,99.00,
2024-10-04 22:00:00,99.00,99.00,99.00,
2024-10-04 22:10:00,1.48,9.09,7.02,109
2024-10-04 22:20:00,99.00,99.00,99.00,
2024-10-04 22:30:00,99.00,99.00,99.00,
2024-10-04 22:40:00,1.42,10.81,6.91,105
2024-10-04 22:50:00,99.00,99.00,99.00,
2024-10-04 23:00:00,99.00,99.00,99.00,
2024-10-04 23:10:00,1.43,8.33,6.54,121
2024-10-04 23:20:00,99.00,99.00,99.00,
2024-10-04 23:30:00,99.00,99.00,99.00,
2024-10-04 23:40:00,1.40,10.00,6.61,94
2024-10-04 23:50:00,99.00,99.00,99.00,
2024-10-05 00:00:00,99.00,99.00,99.00,
2024-10-05 00:10:00,1.53,10.81,6.96,92
2024-10-05 00:20:00,99.00,99.00,99.00,
2024-10-05 00:30:00,99.00,99.00,99.00,
2024-10-05 00:40:00,1.34,9.09,6.17,112
2024-10-05 00:50:00,99.00,99.00,99.00,
2024-10-05 01:00:00,99.00,99.00,99.00,
2024-10-05 01:10:00,1.44,11.43,6.73,96
2024-10-05 01:20:00,99.00,99.00,99.00,
2024-10-05 01:30:00,99.00,99.00,99.00,
2024-10-05 01:40:00,99.00,99.00,99.00,
2024-10-05 01:50:00,99.00,99.00,99.00,
2024-10-05 02:00:00,99.00,99.00,99.00,
2024-10-05 02:10:00,1.34,8.33,6.19,118
2024-10-05 02:20:00,99.00,99.00,99.00,
2024-10-05 02:30:00,99.00,99.00,99.00,
2024-10-05 02:40:00,1.43,10.81,6.36,117
2024-10-05 02:50:00,99.00,99.00,99.00,
2024-10-05 03:00:00,99.00,99.00,99.00,
2024-10-05 03:10:00,1.43,10.00,6.41,114
2024-10-05 03:20:00,99.00,99.00,99.00,
2024-10-05 03:30:00,99.00,99.00,99.00,
2024-10-05 03:40:00,1.37,10.00,6.35,120
2024-10-05 03:50:00,99.00,99.00,99.00,
2024-10-05 04:00:00,99.00,99.00,99.00,
2024-10-05 04:10:00,1.31,12.12,6.24,82
2024-10-05 04:20:00,99.00,99.00,99.00,
2024-10-05 04:30:00,99.00,99.00,99.00,
2024-10-05 04:40:00,1.46,10.00,6.87,109
2024-10-05 04:50:00,99.00,99.00,99.00,
2024-10-05 05:00:00,99.00,99.00,99.00,
2024-10-05 05:10:00,1.33,10.00,6.79,104
2024-10-05 05:20:00,99.00,99.00,99.00,
2024-10-05 05:30:00,99.00,99.00,99.00,
2024-10-05 05:40:00,1.48,10.81,7.23,104
2024-10-05 05:50:00,99.00,99.00,99.00,
2024-10-05 06:00:00,99.00,99.00,99.00,
2024-10-05 06:10:00,1.39,10.81,7.02,104
2024-10-05 06:20:00,99.00,99.00,99.00,
2024-10-05 06:30:00,99.00,99.00,99.00,
2024-10-05 06:40:00,1.45,9.09,7.15,108
2024-10-05 06:50:00,99.00,99.00,99.00,
2024-10-05 07:00:00,99.00,99.00,99.00,
2024-10-05 07:10:00,1.35,10.00,6.84,105
2024-10-05 07:20:00,99.00,99.00,99.00,
2024-10-05 07:30:00,99.00,99.00,99.00,
2024-10-05 07:40:00,1.41,10.00,7.09,118
2024-10-05 07:50:00,99.00,99.00,99.00,
2024-10-05 08:00:00,99.00,99.00,99.00,
2024-10-05 08:10:00,1.33,8.33,6.69,118
2024-10-05 08:20:00,99.00,99.00,99.00,
2024-10-05 08:30:00,99.00,99.00,99.00,
2024-10-05 08:40:00,1.42,10.00,6.96,121
2024-10-05 08:50:00,99.00,99.00,99.00,
2024-10-05 09:00:00,99.00,99.00,99.00,
2024-10-05 09:10:00,1.42,10.81,6.77,109
2024-10-05 09:20:00,99.00,99.00,99.00,
2024-10-05 09:30:00,99.00,99.00,99.00,
2024-10-05 09:40:00,1.38,11.43,6.63,113
2024-10-05 09:50:00,99.00,99.00,99.00,
2024-10-05 10:00:00,99.00,99.00,99.00,
2024-10-05 10:10:00,1.32,10.81,6.51,121
2024-10-05 10:20:00,99.00,99.00,99.00,
2024-10-05 10:30:00,99.00,99.00,99.00,
2024-10-05 10:40:00,1.31,10.81,6.54,116
2024-10-05 10:50:00,99.00,99.00,99.00,
2024-10-05 11:00:00,99.00,99.00,99.00,
2024-10-05 11:10:00,1.39,10.00,6.51,124
2024-10-05 11:20:00,99.00,99.00,99.00,
2024-10-05 11:30:00,99.00,99.00,99.00,
2024-10-05 11:40:00,1.24,10.81,6.33,109
2024-10-05 11:50:00,99.00,99.00,99.00,
2024-10-05 12:00:00,99.00,99.00,99.00,
2024-10-05 12:10:00,1.36,10.00,6.73,
2024-10-05 12:20:00,99.00,99.00,99.00,
2024-10-05 12:30:00,99.00,99.00,99.00,
2024-10-05 12:40:00,1.45,10.81,7.00,107
2024-10-05 12:50:00,99.00,99.00,99.00,
2024-10-05 13:00:00,99.00,99.00,99.00,
2024-10-05 13:10:00,1.29,10.00,6.73,131
2024-10-05 13:20:00,99.00,99.00,99.00,
2024-10-05 13:30:00,99.00,99.00,99.00,
2024-10-05 13:40:00,1.33,10.00,6.84,108
2024-10-05 13:50:00,99.00,99.00,99.00,
2024-10-05 14:00:00,99.00,99.00,99.00,
2024-10-05 14:10:00,1.39,9.09,7.19,109
2024-10-05 14:20:00,99.00,99.00,99.00,
2024-10-05 14:30:00,99.00,99.00,99.00,
2024-10-05 14:40:00,1.29,11.43,7.33,111
2024-10-05 14:50:00,99.00,99.00,99.00,
2024-10-05 15:00:00,99.00,99.00,99.00,
2024-10-05 15:10:00,1.30,10.00,7.52,113
2024-10-05 15:20:00,99.00,99.00,99.00,
2024-10-05 15:30:00,99.00,99.00,99.00,
2024-10-05 15:40:00,1.38,10.00,7.62,92
2024-10-05 15:50:00,99.00,99.00,99.00,
2024-10-05 16:00:00,99.00,99.00,99.00,
2024-10-05 16:10:00,1.42,10.00,7.94,120
2024-10-05 16:20:00,99.00,99.00,99.00,
2024-10-05 16:30:00,99.00,99.00,99.00,
2024-10-05 16:40:00,1.25,10.81,7.66,96
2024-10-05 16:50:00,99.00,99.00,99.00,
2024-10-05 17:00:00,99.00,99.00,99.00,
2024-10-05 17:10:00,1.41,10.00,7.93,119
2024-10-05 17:20:00,99.00,99.00,99.00,
2024-10-05 17:30:00,99.00,99.00,99.00,
2024-10-05 17:40:00,1.45,10.00,8.17,108
2024-10-05 17:50:00,99.00,99.00,99.00,
2024-10-05 18:00:00,99.00,99.00,99.00,
2024-10-05 18:10:00,1.46,10.00,8.11,112
2024-10-05 18:20:00,99.00,99.00,99.00,
2024-10-05 18:30:00,99.00,99.00,99.00,
2024-10-05 18:40:00,1.51,10.00,8.19,114
2024-10-05 18:50:00,99.00,99.00,99.00,
2024-10-05 19:00:00,99.00,99.00,99.00,
2024-10-05 19:10:00,1.44,10.00,8.17,114
2024-10-05 19:20:00,99.00,99.00,99.00,
2024-10-05 19:30:00,99.00,99.00,99.00,
2024-10-05 19:40:00,1.29,10.81,7.93,126
2024-10-05 19:50:00,99.00,99.00,99.00,
2024-10-05 20:00:00,99.00,99.00,99.00,
2024-10-05 20:10:00,1.34,10.00,7.98,131
2024-10-05 20:20:00,99.00,99.00,99.00,
2024-10-05 20:30:00,99.00,99.00,99.00,
2024-10-05 20:40:00,1.37,10.81,8.04,113
2024-10-05 20:50:00,99.00,99.00,99.00,
2024-10-05 21:00:00,99.00,99.00,99.00,
2024-10-05 21:10:00,1.57,9.09,7.88,128
2024-10-05 21:20:00,99.00,99.00,99.00,
2024-10-05 21:30:00,99.00,99.00,99.00,
2024-10-05 21:40:00,1.43,9.09,6.28,121
2024-10-05 21:50:00,99.00,99.00,99.00,
2024-10-05 22:00:00,99.00,99.00,99.00,
2024-10-05 22:10:00,1.47,9.09,6.07,118
2024-10-05 22:20:00,99.00,99.00,99.00,
2024-10-05 22:30:00,99.00,99.00,99.00,
2024-10-05 22:40:00,1.51,9.09,6.26,119
2024-10-05 22:50:00,99.00,99.00,99.00,
2024-10-05 23:00:00,99.00,99.00,99.00,
2024-10-05 23:10:00,1.53,9.09,6.32,116
2024-10-05 23:20:00,99.00,99.00,99.00,
2024-10-05 23:30:00,99.00,99.00,99.00,
2024-10-05 23:40:00,1.38,9.09,5.85,131
2024-10-05 23:50:00,99.00,99.00,99.00,
2024-10-06 00:00:00,99.00,99.00,99.00,
2024-10-06 00:10:00,1.45,10.00,6.19,120
2024-10-06 00:20:00,99.00,99.00,99.00,
2024-10-06 00:30:00,99.00,99.00,99.00,
2024-10-06 00:40:00,1.35,10.00,5.74,123
2024-10-06 00:50:00,99.00,99.00,99.00,
2024-10-06 01:00:00,99.00,99.00,99.00,
2024-10-06 01:10:00,1.59,10.00,6.61,120
2024-10-06 01:20:00,99.00,99.00,99.00,
2024-10-06 01:30:00,99.00,99.00,99.00,
2024-10-06 01:40:00,1.44,13.79,6.53,113
2024-10-06 01:50:00,99.00,99.00,99.00,
2024-10-06 02:00:00,99.00,99.00,99.00,
2024-10-06 02:10:00,1.49,13.79,6.95,108
2024-10-06 02:20:00,99.00,99.00,99.00,
2024-10-06 02:30:00,99.00,99.00,99.00,
2024-10-06 02:40:00,1.65,13.79,7.63,118
2024-10-06 02:50:00,99.00,99.00,99.00,
2024-10-06 03:00:00,99.00,99.00,99.00,
2024-10-06 03:10:00,1.34,13.79,6.82,114
2024-10-06 03:20:00,99.00,99.00,99.00,
2024-10-06 03:30:00,99.00,99.00,99.00,
2024-10-06 03:40:00,1.54,13.79,7.38,116
2024-10-06 03:50:00,99.00,99.00,99.00,
2024-10-06 04:00:00,99.00,99.00,99.00,
2024-10-06 04:10:00,1.60,13.79,7.52,130
2024-10-06 04:20:00,99.00,99.00,99.00,
2024-10-06 04:30:00,99.00,99.00,99.00,
2024-10-06 04:40:00,1.63,13.79,7.49,121
2024-10-06 04:50:00,99.00,99.00,99.00,
2024-10-06 05:00:00,99.00,99.00,99.00,
2024-10-06 05:10:00,1.64,13.79,7.39,104
2024-10-06 05:20:00,99.00,99.00,99.00,
2024-10-06 05:30:00,99.00,99.00,99.00,
2024-10-06 05:40:00,1.51,13.79,7.01,116
2024-10-06 05:50:00,99.00,99.00,99.00,
2024-10-06 06:00:00,99.00,99.00,99.00,
2024-10-06 06:10:00,1.60,13.79,6.86,120
2024-10-06 06:20:00,99.00,99.00,99.00,
2024-10-06 06:30:00,99.00,99.00,99.00,
2024-10-06 06:40:00,1.67,13.79,6.53,118
2024-10-06 06:50:00,99.00,99.00,99.00,
2024-10-06 07:00:00,99.00,99.00,99.00,
2024-10-06 07:10:00,99.00,99.00,99.00,
2024-10-06 07:20:00,99.00,99.00,99.00,
2024-10-06 07:30:00,99.00,99.00,99.00,
2024-10-06 07:40:00,1.76,13.79,5.70,127
2024-10-06 07:50:00,99.00,99.00,99.00,
2024-10-06 08:00:00,99.00,99.00,99.00,
2024-10-06 08:10:00,1.81,13.79,5.89,117
2024-10-06 08:20:00,99.00,99.00,99.00,
2024-10-06 08:30:00,99.00,99.00,99.00,
2024-10-06 08:40:00,1.87,13.79,5.97,127
2024-10-06 08:50:00,99.00,99.00,99.00,
2024-10-06 09:00:00,99.00,99.00,99.00,
2024-10-06 09:10:00,1.90,13.79,5.77,114
2024-10-06 09:20:00,99.00,99.00,99.00,
2024-10-06 09:30:00,99.00,99.00,99.00,
2024-10-06 09:40:00,1.99,13.79,5.98,109
2024-10-06 09:50:00,99.00,99.00,99.00,
2024-10-06 10:00:00,99.00,99.00,99.00,
2024-10-06 10:10:00,1.90,13.79,5.87,103
2024-10-06 10:20:00,99.00,99.00,99.00,
2024-10-06 10:30:00,99.00,99.00,99.00,
2024-10-06 10:40:00,1.94,12.90,5.98,118
2024-10-06 10:50:00,99.00,99.00,99.00,
2024-10-06 11:00:00,99.00,99.00,99.00,
2024-10-06 11:10:00,1.89,13.79,5.65,100
2024-10-06 11:20:00,99.00,99.00,99.00,
2024-10-06 11:30:00,99.00,99.00,99.00,
2024-10-06 11:40:00,1.86,13.79,5.97,94
2024-10-06 11:50:00,99.00,99.00,99.00,
2024-10-06 12:00:00,99.00,99.00,99.00,
2024-10-06 12:10:00,2.03,13.79,6.34,128
2024-10-06 12:20:00,99.00,99.00,99.00,
2024-10-06 12:30:00,99.00,99.00,99.00,
2024-10-06 12:40:00,1.83,13.79,6.06,131
2024-10-06 12:50:00,99.00,99.00,99.00,
2024-10-06 13:00:00,99.00,99.00,99.00,
2024-10-06 13:10:00,1.94,13.79,6.47,105
2024-10-06 13:20:00,99.00,99.00,99.00,
2024-10-06 13:30:00,99.00,99.00,99.00,
2024-10-06 13:40:00,1.85,12.90,6.19,108
2024-10-06 13:50:00,99.00,99.00,99.00,
2024-10-06 14:00:00,99.00,99.00,99.00,
2024-10-06 14:10:00,1.82,12.90,6.46,110
2024-10-06 14:20:00,99.00,99.00,99.00,
2024-10-06 14:30:00,99.00,99.00,99.00,
2024-10-06 14:40:00,1.87,12.90,6.53,112
2024-10-06 14:50:00,99.00,99.00,99.00,
2024-10-06 15:00:00,99.00,99.00,99.00,
2024-10-06 15:10:00,1.83,13.79,6.38,101
2024-10-06 15:20:00,99.00,99.00,99.00,
2024-10-06 15:30:00,99.00,99.00,99.00,
2024-10-06 15:40:00,1.83,12.90,6.67,106
2024-10-06 15:50:00,99.00,99.00,99.00,
2024-10-06 16:00:00,99.00,99.00,99.00,
2024-10-06 16:10:00,1.86,12.90,6.47,111
2024-10-06 16:20:00,99.00,99.00,99.00,
2024-10-06 16:30:00,99.00,99.00,99.00,
2024-10-06 16:40:00,1.81,12.90,6.32,102
2024-10-06 16:50:00,99.00,99.00,99.00,
2024-10-06 17:00:00,99.00,99.00,99.00,
2024-10-06 17:10:00,1.72,12.90,6.37,106
2024-10-06 17:20:00,99.00,99.00,99.00,
2024-10-06 17:30:00,99.00,99.00,99.00,
2024-10-06 17:40:00,1.95,13.79,6.71,109
2024-10-06 17:50:00,99.00,99.00,99.00,
2024-10-06 18:00:00,99.00,99.00,99.00,
2024-10-06 18:10:00,1.82,13.79,6.41,106
2024-10-06 18:20:00,99.00,99.00,99.00,
2024-10-06 18:30:00,99.00,99.00,99.00,
2024-10-06 18:40:00,1.76,14.81,6.07,123
2024-10-06 18:50:00,99.00,99.00,99.00,
2024-10-06 19:00:00,99.00,99.00,99.00,
2024-10-06 19:10:00,1.87,13.79,6.17,124
2024-10-06 19:20:00,99.00,99.00,99.00,
2024-10-06 19:30:00,99.00,99.00,99.00,
2024-10-06 19:40:00,1.92,12.90,6.39,108
2024-10-06 19:50:00,99.00,99.00,99.00,
2024-10-06 20:00:00,99.00,99.00,99.00,
2024-10-06 20:10:00,1.77,12.90,6.09,111
2024-10-06 20:20:00,99.00,99.00,99.00,
2024-10-06 20:30:00,99.00,99.00,99.00,
2024-10-06 20:40:00,1.81,13.79,6.03,112
2024-10-06 20:50:00,99.00,99.00,99.00,
2024-10-06 21:00:00,99.00,99.00,99.00,
2024-10-06 21:10:00,1.79,14.81,6.07,133
2024-10-06 21:20:00,99.00,99.00,99.00,
2024-10-06 21:30:00,99.00,99.00,99.00,
2024-10-06 21:40:00,1.91,13.79,6.44,119
2024-10-06 21:50:00,99.00,99.00,99.00,
2024-10-06 22:00:00,99.00,99.00,99.00,
2024-10-06 22:10:00,2.03,13.79,6.67,116
2024-10-06 22:20:00,99.00,99.00,99.00,
2024-10-06 22:30:00,99.00,99.00,99.00,
2024-10-06 22:40:00,1.82,13.79,6.14,104
2024-10-06 22:50:00,99.00,99.00,99.00,
2024-10-06 23:00:00,99.00,99.00,99.00,
2024-10-06 23:10:00,1.96,13.79,6.95,123
2024-10-06 23:20:00,99.00,99.00,99.00,
2024-10-06 23:30:00,99.00,99.00,99.00,
2024-10-06 23:40:00,1.88,13.79,6.46,105
2024-10-06 23:50:00,99.00,99.00,99.00,
2024-10-07 00:00:00,99.00,99.00,99.00,
2024-10-07 00:10:00,1.89,13.79,6.60,111
2024-10-07 00:20:00,99.00,99.00,99.00,
2024-10-07 00:30:00,99.00,99.00,99.00,
2024-10-07 00:40:00,1.93,13.79,7.09,106
2024-10-07 00:50:00,99.00,99.00,99.00,
2024-10-07 01:00:00,99.00,99.00,99.00,
2024-10-07 01:10:00,1.81,13.79,7.20,116
2024-10-07 01:20:00,99.00,99.00,99.00,
2024-10-07 01:30:00,99.00,99.00,99.00,
2024-10-07 01:40:00,1.61,13.79,6.88,120
2024-10-07 01:50:00,99.00,99.00,99.00,
2024-10-07 02:00:00,99.00,99.00,99.00,
2024-10-07 02:10:00,1.68,13.79,7.33,106
2024-10-07 02:20:00,99.00,99.00,99.00,
2024-10-07 02:30:00,99.00,99.00,99.00,
2024-10-07 02:40:00,1.61,13.79,7.65,117
2024-10-07 02:50:00,99.00,99.00,99.00,
2024-10-07 03:00:00,99.00,99.00,99.00,
2024-10-07 03:10:00,1.62,13.79,8.00,109
2024-10-07 03:20:00,99.00,99.00,99.00,
2024-10-07 03:30:00,99.00,99.00,99.00,
2024-10-07 03:40:00,1.62,14.81,7.80,117
2024-10-07 03:50:00,99.00,99.00,99.00,
2024-10-07 04:00:00,99.00,99.00,99.00,
2024-10-07 04:10:00,1.73,13.79,8.81,111
2024-10-07 04:20:00,99.00,99.00,99.00,
2024-10-07 04:30:00,99.00,99.00,99.00,
2024-10-07 04:40:00,1.72,16.00,8.50,122
2024-10-07 04:50:00,99.00,99.00,99.00,
2024-10-07 05:00:00,99.00,99.00,99.00,
2024-10-07 05:10:00,1.90,14.81,9.14,112
2024-10-07 05:20:00,99.00,99.00,99.00,
2024-10-07 05:30:00,99.00,99.00,99.00,
2024-10-07 05:40:00,1.65,14.81,8.77,122
2024-10-07 05:50:00,99.00,99.00,99.00,
2024-10-07 06:00:00,99.00,99.00,99.00,
2024-10-07 06:10:00,1.79,14.81,9.15,104
2024-10-07 06:20:00,99.00,99.00,99.00,
2024-10-07 06:30:00,99.00,99.00,99.00,
2024-10-07 06:40:00,1.85,13.79,9.07,113
2024-10-07 06:50:00,99.00,99.00,99.00,
2024-10-07 07:00:00,99.00,99.00,99.00,
2024-10-07 07:10:00,1.82,14.81,9.26,115
2024-10-07 07:20:00,99.00,99.00,99.00,
2024-10-07 07:30:00,99.00,99.00,99.00,
2024-10-07 07:40:00,1.82,13.79,9.30,121
2024-10-07 07:50:00,99.00,99.00,99.00,
2024-10-07 08:00:00,99.00,99.00,99.00,
2024-10-07 08:10:00,2.03,14.81,9.87,122
2024-10-07 08:20:00,99.00,99.00,99.00,
2024-10-07 08:30:00,99.00,99.00,99.00,
2024-10-07 08:40:00,1.96,14.81,9.69,125
2024-10-07 08:50:00,99.00,99.00,99.00,
2024-10-07 09:00:00,99.00,99.00,99.00,
2024-10-07 09:10:00,1.96,14.81,9.57,131
2024-10-07 09:20:00,99.00,99.00,99.00,
2024-10-07 09:30:00,99.00,99.00,99.00,
2024-10-07 09:40:00,2.18,17.39,9.94,136
2024-10-07 09:50:00,99.00,99.00,99.00,
2024-10-07 10:00:00,99.00,99.00,99.00,
2024-10-07 10:10:00,2.12,17.39,9.62,139
2024-10-07 10:20:00,99.00,99.00,99.00,
2024-10-07 10:30:00,99.00,99.00,99.00,
2024-10-07 10:40:00,1.81,16.00,8.85,140
2024-10-07 10:50:00,99.00,99.00,99.00,
2024-10-07 11:00:00,99.00,99.00,99.00,
2024-10-07 11:10:00,2.00,16.00,9.70,130
2024-10-07 11:20:00,99.00,99.00,99.00,
2024-10-07 11:30:00,99.00,99.00,99.00,
2024-10-07 11:40:00,2.50,16.00,10.30,129
2024-10-07 11:50:00,99.00,99.00,99.00,
2024-10-07 12:00:00,99.00,99.00,99.00,
2024-10-07 12:10:00,2.29,17.39,10.10,132
2024-10-07 12:20:00,99.00,99.00,99.00,
2024-10-07 12:30:00,99.00,99.00,99.00,
2024-10-07 12:40:00,2.12,14.81,9.59,115
2024-10-07 12:50:00,99.00,99.00,99.00,
2024-10-07 13:00:00,99.00,99.00,99.00,
2024-10-07 13:10:00,2.22,17.39,10.53,126
2024-10-07 13:20:00,99.00,99.00,99.00,
2024-10-07 13:30:00,99.00,99.00,99.00,
2024-10-07 13:40:00,2.28,17.39,10.43,115
2024-10-07 13:50:00,99.00,99.00,99.00,
2024-10-07 14:00:00,99.00,99.00,99.00,
2024-10-07 14:10:00,2.42,17.39,10.77,117
2024-10-07 14:20:00,99.00,99.00,99.00,
2024-10-07 14:30:00,99.00,99.00,99.00,
2024-10-07 14:40:00,2.25,17.39,10.59,120
2024-10-07 14:50:00,99.00,99.00,99.00,
2024-10-07 15:00:00,99.00,99.00,99.00,
2024-10-07 15:10:00,2.29,13.79,10.23,118
2024-10-07 15:20:00,99.00,99.00,99.00,
2024-10-07 15:30:00,99.00,99.00,99.00,
2024-10-07 15:40:00,2.32,17.39,10.41,124
2024-10-07 15:50:00,99.00,99.00,99.00,
2024-10-07 16:00:00,99.00,99.00,99.00,
2024-10-07 16:10:00,2.38,16.00,10.60,122
2024-10-07 16:20:00,99.00,99.00,99.00,
2024-10-07 16:30:00,99.00,99.00,99.00,
2024-10-07 16:40:00,2.38,16.00,10.33,103
2024-10-07 16:50:00,99.00,99.00,99.00,
2024-10-07 17:00:00,99.00,99.00,99.00,
2024-10-07 17:10:00,2.44,16.00,9.87,112
2024-10-07 17:20:00,99.00,99.00,99.00,
2024-10-07 17:30:00,99.00,99.00,99.00,
2024-10-07 17:40:00,2.25,16.00,9.75,120
2024-10-07 17:50:00,99.00,99.00,99.00,
2024-10-07 18:00:00,99.00,99.00,99.00,
2024-10-07 18:10:00,2.37,14.81,9.97,113
2024-10-07 18:20:00,99.00,99.00,99.00,
2024-10-07 18:30:00,99.00,99.00,99.00,
2024-10-07 18:40:00,2.12,13.79,9.56,108
2024-10-07 18:50:00,99.00,99.00,99.00,
2024-10-07 19:00:00,99.00,99.00,99.00,
2024-10-07 19:10:00,2.20,16.00,9.68,109
2024-10-07 19:20:00,99.00,99.00,99.00,
2024-10-07 19:30:00,99.00,99.00,99.00,
2024-10-07 19:40:00,2.35,16.00,9.80,116
2024-10-07 19:50:00,99.00,99.00,99.00,
2024-10-07 20:00:00,99.00,99.00,99.00,
2024-10-07 20:10:00,2.03,16.00,8.85,114
2024-10-07 20:20:00,99.00,99.00,99.00,
2024-10-07 20:30:00,99.00,99.00,99.00,
2024-10-07 20:40:00,2.31,12.12,9.52,117
2024-10-07 20:50:00,99.00,99.00,99.00,
2024-10-07 21:00:00,99.00,99.00,99.00,
2024-10-07 21:10:00,2.18,16.00,9.26,129
2024-10-07 21:20:00,99.00,99.00,99.00,
2024-10-07 21:30:00,99.00,99.00,99.00,
2024-10-07 21:40:00,2.01,13.79,8.62,125
2024-10-07 21:50:00,99.00,99.00,99.00,
2024-10-07 22:00:00,99.00,99.00,99.00,
2024-10-07 22:10:00,2.11,14.81,8.71,123
2024-10-07 22:20:00,99.00,99.00,99.00,
2024-10-07 22:30:00,99.00,99.00,99.00,
2024-10-07 22:40:00,2.03,14.81,8.26,112
2024-10-07 22:50:00,99.00,99.00,99.00,
2024-10-07 23:00:00,99.00,99.00,99.00,
2024-10-07 23:10:00,2.20,13.79,8.35,112
2024-10-07 23:20:00,99.00,99.00,99.00,
2024-10-07 23:30:00,99.00,99.00,99.00,
2024-10-07 23:40:00,2.06,12.90,7.90,126
2024-10-07 23:50:00,99.00,99.00,99.00,
2024-10-08 00:00:00,99.00,99.00,99.00,
2024-10-08 00:10:00,2.11,14.81,8.32,120
2024-10-08 00:20:00,99.00,99.00,99.00,
2024-10-08 00:30:00,99.00,99.00,99.00,
2024-10-08 00:40:00,2.05,12.90,8.15,108
2024-10-08 00:50:00,99.00,99.00,99.00,
2024-10-08 01:00:00,99.00,99.00,99.00,
2024-10-08 01:10:00,2.03,13.79,8.03,97
2024-10-08 01:20:00,99.00,99.00,99.00,
2024-10-08 01:30:00,99.00,99.00,99.00,
2024-10-08 01:40:00,2.04,13.79,8.13,103
2024-10-08 01:50:00,99.00,99.00,99.00,
2024-10-08 02:00:00,99.00,99.00,99.00,
2024-10-08 02:10:00,2.07,12.12,7.94,115
2024-10-08 02:20:00,99.00,99.00,99.00,
2024-10-08 02:30:00,99.00,99.00,99.00,
2024-10-08 02:40:00,1.96,13.79,7.61,111
2024-10-08 02:50:00,99.00,99.00,99.00,
2024-10-08 03:00:00,99.00,99.00,99.00,
2024-10-08 03:10:00,1.97,12.90,7.53,97
2024-10-08 03:20:00,99.00,99.00,99.00,
2024-10-08 03:30:00,99.00,99.00,99.00,
2024-10-08 03:40:00,2.00,13.79,7.54,79
2024-10-08 03:50:00,99.00,99.00,99.00,
2024-10-08 04:00:00,99.00,99.00,99.00,
2024-10-08 04:10:00,2.04,12.90,7.43,84
2024-10-08 04:20:00,99.00,99.00,99.00,
2024-10-08 04:30:00,99.00,99.00,99.00,
2024-10-08 04:40:00,2.08,11.43,7.72,97
2024-10-08 04:50:00,99.00,99.00,99.00,
2024-10-08 05:00:00,99.00,99.00,99.00,
2024-10-08 05:10:00,2.17,10.81,7.83,89
2024-10-08 05:20:00,99.00,99.00,99.00,
2024-10-08 05:30:00,99.00,99.00,99.00,
2024-10-08 05:40:00,2.28,12.90,8.02,75
2024-10-08 05:50:00,99.00,99.00,99.00,
2024-10-08 06:00:00,99.00,99.00,99.00,
2024-10-08 06:10:00,2.18,12.90,7.97,78
2024-10-08 06:20:00,99.00,99.00,99.00,
2024-10-08 06:30:00,99.00,99.00,99.00,
2024-10-08 06:40:00,2.37,13.79,8.20,96
2024-10-08 06:50:00,99.00,99.00,99.00,
2024-10-08 07:00:00,99.00,99.00,99.00,
2024-10-08 07:10:00,2.34,12.12,8.32,91
2024-10-08 07:20:00,99.00,99.00,99.00,
2024-10-08 07:30:00,99.00,99.00,99.00,
2024-10-08 07:40:00,2.28,13.79,8.35,
2024-10-08 07:50:00,99.00,99.00,99.00,
2024-10-08 08:00:00,99.00,99.00,99.00,
2024-10-08 08:10:00,2.38,12.90,8.46,80
2024-10-08 08:20:00,99.00,99.00,99.00,
2024-10-08 08:30:00,99.00,99.00,99.00,
2024-10-08 08:40:00,2.30,12.90,8.69,95
2024-10-08 08:50:00,99.00,99.00,99.00,
2024-10-08 09:00:00,99.00,99.00,99.00,
2024-10-08 09:10:00,2.31,14.81,8.58,84
2024-10-08 09:20:00,99.00,99.00,99.00,
2024-10-08 09:30:00,99.00,99.00,99.00,
2024-10-08 09:40:00,2.45,11.43,8.65,97
2024-10-08 09:50:00,99.00,99.00,99.00,
2024-10-08 10:00:00,99.00,99.00,99.00,
2024-10-08 10:10:00,2.28,12.90,7.60,76
2024-10-08 10:20:00,99.00,99.00,99.00,
2024-10-08 10:30:00,99.00,99.00,99.00,
2024-10-08 10:40:00,2.49,13.79,8.10,86
2024-10-08 10:50:00,99.00,99.00,99.00,
2024-10-08 11:00:00,99.00,99.00,99.00,
2024-10-08 11:10:00,2.49,12.12,7.76,89
2024-10-08 11:20:00,99.00,99.00,99.00,
2024-10-08 11:30:00,99.00,99.00,99.00,
2024-10-08 11:40:00,2.66,12.12,8.06,81
2024-10-08 11:50:00,99.00,99.00,99.00,
2024-10-08 12:00:00,99.00,99.00,99.00,
2024-10-08 12:10:00,2.83,12.12,8.20,85
2024-10-08 12:20:00,99.00,99.00,99.00,
2024-10-08 12:30:00,99.00,99.00,99.00,
2024-10-08 12:40:00,2.61,13.79,8.11,82
2024-10-08 12:50:00,99.00,99.00,99.00,
2024-10-08 13:00:00,99.00,99.00,99.00,
2024-10-08 13:10:00,2.71,13.79,8.43,93
2024-10-08 13:20:00,99.00,99.00,99.00,
2024-10-08 13:30:00,99.00,99.00,99.00,
2024-10-08 13:40:00,2.69,12.12,8.76,87
2024-10-08 13:50:00,99.00,99.00,99.00,
2024-10-08 14:00:00,99.00,99.00,99.00,
2024-10-08 14:10:00,2.48,13.79,8.13,84
2024-10-08 14:20:00,99.00,99.00,99.00,
2024-10-08 14:30:00,99.00,99.00,99.00,
2024-10-08 14:40:00,2.92,12.90,8.82,89
2024-10-08 14:50:00,99.00,99.00,99.00,
2024-10-08 15:00:00,99.00,99.00,99.00,
2024-10-08 15:10:00,2.67,12.90,8.53,86
2024-10-08 15:20:00,99.00,99.00,99.00,
2024-10-08 15:30:00,99.00,99.00,99.00,
2024-10-08 15:40:00,2.63,13.79,8.88,82
2024-10-08 15:50:00,99.00,99.00,99.00,
2024-10-08 16:00:00,99.00,99.00,99.00,
2024-10-08 16:10:00,2.45,12.12,8.33,82
2024-10-08 16:20:00,99.00,99.00,99.00,
2024-10-08 16:30:00,99.00,99.00,99.00,
2024-10-08 16:40:00,2.55,12.90,8.56,85
2024-10-08 16:50:00,99.00,99.00,99.00,
2024-10-08 17:00:00,99.00,99.00,99.00,
2024-10-08 17:10:00,2.39,13.79,7.98,87
2024-10-08 17:20:00,99.00,99.00,99.00,
2024-10-08 17:30:00,99.00,99.00,99.00,
2024-10-08 17:40:00,2.27,12.12,7.78,85
2024-10-08 17:50:00,99.00,99.00,99.00,
2024-10-08 18:00:00,99.00,99.00,99.00,
2024-10-08 18:10:00,2.22,12.90,7.37,86
2024-10-08 18:20:00,99.00,99.00,99.00,
2024-10-08 18:30:00,99.00,99.00,99.00,
2024-10-08 18:40:00,2.35,12.90,7.74,87
2024-10-08 18:50:00,99.00,99.00,99.00,
2024-10-08 19:00:00,99.00,99.00,99.00,
2024-10-08 19:10:00,2.31,12.90,7.54,87
2024-10-08 19:20:00,99.00,99.00,99.00,
2024-10-08 19:30:00,99.00,99.00,99.00,
2024-10-08 19:40:00,2.29,11.43,7.05,77
2024-10-08 19:50:00,99.00,99.00,99.00,
2024-10-08 20:00:00,99.00,99.00,99.00,
2024-10-08 20:10:00,2.37,12.12,7.46,81
2024-10-08 20:20:00,99.00,99.00,99.00,
2024-10-08 20:30:00,99.00,99.00,99.00,
2024-10-08 20:40:00,2.27,12.90,7.26,90
2024-10-08 20:50:00,99.00,99.00,99.00,
2024-10-08 21:00:00,99.00,99.00,99.00,
2024-10-08 21:10:00,2.22,12.12,7.20,90
2024-10-08 21:20:00,99.00,99.00,99.00,
2024-10-08 21:30:00,99.00,99.00,99.00,
2024-10-08 21:40:00,2.28,12.90,7.72,95
2024-10-08 21:50:00,99.00,99.00,99.00,
2024-10-08 22:00:00,99.00,99.00,99.00,
2024-10-08 22:10:00,2.22,12.90,7.41,96
2024-10-08 22:20:00,99.00,99.00,99.00,
2024-10-08 22:30:00,99.00,99.00,99.00,
2024-10-08 22:40:00,2.45,12.90,7.96,
2024-10-08 22:50:00,99.00,99.00,99.00,
2024-10-08 23:00:00,99.00,99.00,99.00,
2024-10-08 23:10:00,2.12,12.90,7.50,91
2024-10-08 23:20:00,99.00,99.00,99.00,
2024-10-08 23:30:00,99.00,99.00,99.00,
2024-10-08 23:40:00,2.07,12.12,7.44,88
2024-10-08 23:50:00,99.00,99.00,99.00,
2024-10-09 00:00:00,99.00,99.00,99.00,
2024-10-09 00:10:00,2.36,12.90,7.96,75
2024-10-09 00:20:00,99.00,99.00,99.00,
2024-10-09 00:30:00,99.00,99.00,99.00,
2024-10-09 00:40:00,2.28,11.43,7.84,84
2024-10-09 00:50:00,99.00,99.00,99.00,
2024-10-09 01:00:00,99.00,99.00,99.00,
2024-10-09 01:10:00,2.27,11.43,8.22,81
2024-10-09 01:20:00,99.00,99.00,99.00,
2024-10-09 01:30:00,99.00,99.00,99.00,
2024-10-09 01:40:00,2.32,11.43,8.22,95
2024-10-09 01:50:00,99.00,99.00,99.00,
2024-10-09 02:00:00,99.00,99.00,99.00,
2024-10-09 02:10:00,2.31,12.90,8.20,77
2024-10-09 02:20:00,99.00,99.00,99.00,
2024-10-09 02:30:00,99.00,99.00,99.00,
2024-10-09 02:40:00,2.42,10.81,8.51,84
2024-10-09 02:50:00,99.00,99.00,99.00,
2024-10-09 03:00:00,99.00,99.00,99.00,
2024-10-09 03:10:00,2.35,12.12,8.52,80
2024-10-09 03:20:00,99.00,99.00,99.00,
2024-10-09 03:30:00,99.00,99.00,99.00,
2024-10-09 03:40:00,2.14,12.12,8.41,84
2024-10-09 03:50:00,99.00,99.00,99.00,
2024-10-09 04:00:00,99.00,99.00,99.00,
2024-10-09 04:10:00,2.24,12.90,8.42,71
2024-10-09 04:20:00,99.00,99.00,99.00,
2024-10-09 04:30:00,99.00,99.00,99.00,
2024-10-09 04:40:00,2.03,11.43,8.41,74
2024-10-09 04:50:00,99.00,99.00,99.00,
2024-10-09 05:00:00,99.00,99.00,99.00,
2024-10-09 05:10:00,2.08,12.12,8.51,69
2024-10-09 05:20:00,99.00,99.00,99.00,
2024-10-09 05:30:00,99.00,99.00,99.00,
2024-10-09 05:40:00,2.20,12.12,8.61,75
2024-10-09 05:50:00,99.00,99.00,99.00,
2024-10-09 06:00:00,99.00,99.00,99.00,
2024-10-09 06:10:00,2.01,12.12,8.55,80
2024-10-09 06:20:00,99.00,99.00,99.00,
2024-10-09 06:30:00,99.00,99.00,99.00,
2024-10-09 06:40:00,1.94,11.43,8.63,75
2024-10-09 06:50:00,99.00,99.00,99.00,
2024-10-09 07:00:00,99.00,99.00,99.00,
2024-10-09 07:10:00,1.76,13.79,8.26,78
2024-10-09 07:20:00,99.00,99.00,99.00,
2024-10-09 07:30:00,99.00,99.00,99.00,
2024-10-09 07:40:00,1.73,11.43,8.18,80
2024-10-09 07:50:00,99.00,99.00,99.00,
2024-10-09 08:00:00,99.00,99.00,99.00,
2024-10-09 08:10:00,1.62,12.12,8.30,79
2024-10-09 08:20:00,99.00,99.00,99.00,
2024-10-09 08:30:00,99.00,99.00,99.00,
2024-10-09 08:40:00,1.67,11.43,8.24,77
2024-10-09 08:50:00,99.00,99.00,99.00,
2024-10-09 09:00:00,99.00,99.00,99.00,
2024-10-09 09:10:00,1.74,11.43,8.26,85
2024-10-09 09:20:00,99.00,99.00,99.00,
2024-10-09 09:30:00,99.00,99.00,99.00,
2024-10-09 09:40:00,1.64,13.79,8.00,103
2024-10-09 09:50:00,99.00,99.00,99.00,
2024-10-09 10:00:00,99.00,99.00,99.00,
2024-10-09 10:10:00,1.72,12.90,8.12,88
2024-10-09 10:20:00,99.00,99.00,99.00,
2024-10-09 10:30:00,99.00,99.00,99.00,
2024-10-09 10:40:00,1.59,10.81,7.25,88
2024-10-09 10:50:00,99.00,99.00,99.00,
2024-10-09 11:00:00,99.00,99.00,99.00,
2024-10-09 11:10:00,1.72,12.90,7.86,79
2024-10-09 11:20:00,99.00,99.00,99.00,
2024-10-09 11:30:00,99.00,99.00,99.00,
2024-10-09 11:40:00,1.58,11.43,7.01,94
2024-10-09 11:50:00,99.00,99.00,99.00,
2024-10-09 12:00:00,99.00,99.00,99.00,
2024-10-09 12:10:00,1.66,12.90,7.50,97
2024-10-09 12:20:00,99.00,99.00,99.00,
2024-10-09 12:30:00,99.00,99.00,99.00,
2024-10-09 12:40:00,1.66,11.43,7.01,78
2024-10-09 12:50:00,99.00,99.00,99.00,
2024-10-09 13:00:00,99.00,99.00,99.00,
2024-10-09 13:10:00,1.58,10.81,6.35,82
2024-10-09 13:20:00,99.00,99.00,99.00,
2024-10-09 13:30:00,99.00,99.00,99.00,
2024-10-09 13:40:00,1.67,12.90,6.51,71
2024-10-09 13:50:00,99.00,99.00,99.00,
2024-10-09 14:00:00,99.00,99.00,99.00,
2024-10-09 14:10:00,1.45,12.90,6.17,85
2024-10-09 14:20:00,99.00,99.00,99.00,
2024-10-09 14:30:00,99.00,99.00,99.00,
2024-10-09 14:40:00,1.58,11.43,6.27,73
2024-10-09 14:50:00,99.00,99.00,99.00,
2024-10-09 15:00:00,99.00,99.00,99.00,
2024-10-09 15:10:00,1.55,11.43,6.07,79
2024-10-09 15:20:00,99.00,99.00,99.00,
2024-10-09 15:30:00,99.00,99.00,99.00,
2024-10-09 15:40:00,1.64,12.90,6.32,78
2024-10-09 15:50:00,99.00,99.00,99.00,
2024-10-09 16:00:00,99.00,99.00,99.00,
2024-10-09 16:10:00,1.48,12.12,5.71,80
2024-10-09 16:20:00,99.00,99.00,99.00,
2024-10-09 16:30:00,99.00,99.00,99.00,
2024-10-09 16:40:00,1.69,12.12,6.06,66
2024-10-09 16:50:00,99.00,99.00,99.00,
2024-10-09 17:00:00,99.00,99.00,99.00,
2024-10-09 17:10:00,1.49,12.90,5.51,69
2024-10-09 17:20:00,99.00,99.00,99.00,
2024-10-09 17:30:00,99.00,99.00,99.00,
2024-10-09 17:40:00,1.65,12.90,6.16,65
2024-10-09 17:50:00,99.00,99.00,99.00,
2024-10-09 18:00:00,99.00,99.00,99.00,
2024-10-09 18:10:00,1.64,12.90,6.40,81
2024-10-09 18:20:00,99.00,99.00,99.00,
2024-10-09 18:30:00,99.00,99.00,99.00,
2024-10-09 18:40:00,1.53,10.00,6.44,84
2024-10-09 18:50:00,99.00,99.00,99.00,
2024-10-09 19:00:00,99.00,99.00,99.00,
2024-10-09 19:10:00,1.38,12.12,6.69,76
2024-10-09 19:20:00,99.00,99.00,99.00,
2024-10-09 19:30:00,99.00,99.00,99.00,
2024-10-09 19:40:00,1.42,12.12,6.45,75
2024-10-09 19:50:00,99.00,99.00,99.00,
2024-10-09 20:00:00,99.00,99.00,99.00,
2024-10-09 20:10:00,1.45,12.12,6.71,90
2024-10-09 20:20:00,99.00,99.00,99.00,
2024-10-09 20:30:00,99.00,99.00,99.00,
2024-10-09 20:40:00,1.45,12.12,6.67,83
2024-10-09 20:50:00,99.00,99.00,99.00,
2024-10-09 21:00:00,99.00,99.00,99.00,
2024-10-09 21:10:00,1.43,12.12,6.84,97
2024-10-09 21:20:00,99.00,99.00,99.00,
2024-10-09 21:30:00,99.00,99.00,99.00,
2024-10-09 21:40:00,1.52,12.12,7.10,87
2024-10-09 21:50:00,99.00,99.00,99.00,
2024-10-09 22:00:00,99.00,99.00,99.00,
2024-10-09 22:10:00,1.68,12.12,7.74,88
2024-10-09 22:20:00,99.00,99.00,99.00,
2024-10-09 22:30:00,99.00,99.00,99.00,
2024-10-09 22:40:00,1.34,10.81,6.74,97
2024-10-09 22:50:00,99.00,99.00,99.00,
2024-10-09 23:00:00,99.00,99.00,99.00,
2024-10-09 23:10:00,1.57,11.43,7.37,81
2024-10-09 23:20:00,99.00,99.00,99.00,
2024-10-09 23:30:00,99.00,99.00,99.00,
2024-10-09 23:40:00,1.49,12.12,7.20,81
2024-10-09 23:50:00,99.00,99.00,99.00,
2024-10-10 00:00:00,99.00,99.00,99.00,
2024-10-10 00:10:00,1.62,12.12,7.59,78
2024-10-10 00:20:00,99.00,99.00,99.00,
2024-10-10 00:30:00,99.00,99.00,99.00,
2024-10-10 00:40:00,1.40,10.81,7.03,58
2024-10-10 00:50:00,99.00,99.00,99.00,
2024-10-10 01:00:00,99.00,99.00,99.00,
2024-10-10 01:10:00,1.42,11.43,7.06,84
2024-10-10 01:20:00,99.00,99.00,99.00,
2024-10-10 01:30:00,99.00,99.00,99.00,
2024-10-10 01:40:00,1.39,10.81,7.10,77
2024-10-10 01:50:00,99.00,99.00,99.00,
2024-10-10 02:00:00,99.00,99.00,99.00,
2024-10-10 02:10:00,1.38,12.12,7.02,81
2024-10-10 02:20:00,99.00,99.00,99.00,
2024-10-10 02:30:00,99.00,99.00,99.00,
2024-10-10 02:40:00,1.44,12.12,7.08,77
2024-10-10 02:50:00,99.00,99.00,99.00,
2024-10-10 03:00:00,99.00,99.00,99.00,
2024-10-10 03:10:00,1.43,10.81,7.13,85
2024-10-10 03:20:00,99.00,99.00,99.00,
2024-10-10 03:30:00,99.00,99.00,99.00,
2024-10-10 03:40:00,1.43,10.81,7.04,88
2024-10-10 03:50:00,99.00,99.00,99.00,
2024-10-10 04:00:00,99.00,99.00,99.00,
2024-10-10 04:10:00,1.53,11.43,7.31,81
2024-10-10 04:20:00,99.00,99.00,99.00,
2024-10-10 04:30:00,99.00,99.00,99.00,
2024-10-10 04:40:00,1.51,12.90,6.80,74
2024-10-10 04:50:00,99.00,99.00,99.00,
2024-10-10 05:00:00,99.00,99.00,99.00,
2024-10-10 05:10:00,1.42,10.81,6.32,89
2024-10-10 05:20:00,99.00,99.00,99.00,
2024-10-10 05:30:00,99.00,99.00,99.00,
2024-10-10 05:40:00,1.55,12.90,6.49,74
2024-10-10 05:50:00,99.00,99.00,99.00,
2024-10-10 06:00:00,99.00,99.00,99.00,
2024-10-10 06:10:00,1.56,11.43,6.56,72
2024-10-10 06:20:00,99.00,99.00,99.00,
2024-10-10 06:30:00,99.00,99.00,99.00,
2024-10-10 06:40:00,1.37,12.90,6.46,78
2024-10-10 06:50:00,99.00,99.00,99.00,
2024-10-10 07:00:00,99.00,99.00,99.00,
2024-10-10 07:10:00,1.31,10.81,6.19,76
2024-10-10 07:20:00,99.00,99.00,99.00,
2024-10-10 07:30:00,99.00,99.00,99.00,
2024-10-10 07:40:00,1.30,10.81,6.22,78
2024-10-10 07:50:00,99.00,99.00,99.00,
2024-10-10 08:00:00,99.00,99.00,99.00,
2024-10-10 08:10:00,1.34,12.12,6.08,77
2024-10-10 08:20:00,99.00,99.00,99.00,
2024-10-10 08:30:00,99.00,99.00,99.00,
2024-10-10 08:40:00,1.32,12.90,5.92,92
2024-10-10 08:50:00,99.00,99.00,99.00,
2024-10-10 09:00:00,99.00,99.00,99.00,
2024-10-10 09:10:00,1.48,12.90,6.18,81
2024-10-10 09:20:00,99.00,99.00,99.00,
2024-10-10 09:30:00,99.00,99.00,99.00,
2024-10-10 09:40:00,1.40,11.43,5.40,80
2024-10-10 09:50:00,99.00,99.00,99.00,
2024-10-10 10:00:00,99.00,99.00,99.00,
2024-10-10 10:10:00,1.59,12.12,5.27,76
2024-10-10 10:20:00,99.00,99.00,99.00,
2024-10-10 10:30:00,99.00,99.00,99.00,
2024-10-10 10:40:00,1.62,12.12,5.03,74
2024-10-10 10:50:00,99.00,99.00,99.00,
2024-10-10 11:00:00,99.00,99.00,99.00,
2024-10-10 11:10:00,1.78,12.90,5.05,88
2024-10-10 11:20:00,99.00,99.00,99.00,
2024-10-10 11:30:00,99.00,99.00,99.00,
2024-10-10 11:40:00,1.76,12.12,5.09,92
2024-10-10 11:50:00,99.00,99.00,99.00,
2024-10-10 12:00:00,99.00,99.00,99.00,
2024-10-10 12:10:00,1.78,12.90,5.12,71
2024-10-10 12:20:00,99.00,99.00,99.00,
2024-10-10 12:30:00,99.00,99.00,99.00,
2024-10-10 12:40:00,1.84,11.43,5.12,88
2024-10-10 12:50:00,99.00,99.00,99.00,
2024-10-10 13:00:00,99.00,99.00,99.00,
2024-10-10 13:10:00,1.96,12.90,5.30,70
2024-10-10 13:20:00,99.00,99.00,99.00,
2024-10-10 13:30:00,99.00,99.00,99.00,
2024-10-10 13:40:00,1.90,12.90,5.19,67
2024-10-10 13:50:00,99.00,99.00,99.00,
2024-10-10 14:00:00,99.00,99.00,99.00,
2024-10-10 14:10:00,1.92,12.90,5.39,83
2024-10-10 14:20:00,99.00,99.00,99.00,
2024-10-10 14:30:00,99.00,99.00,99.00,
2024-10-10 14:40:00,1.79,12.12,5.24,66
2024-10-10 14:50:00,99.00,99.00,99.00,
2024-10-10 15:00:00,99.00,99.00,99.00,
2024-10-10 15:10:00,1.88,5.56,5.33,289
2024-10-10 15:20:00,99.00,99.00,99.00,
2024-10-10 15:30:00,99.00,99.00,99.00,
2024-10-10 15:40:00,1.78,6.67,5.40,246
2024-10-10 15:50:00,99.00,99.00,99.00,
2024-10-10 16:00:00,99.00,99.00,99.00,
2024-10-10 16:10:00,1.83,12.12,5.66,87
2024-10-10 16:20:00,99.00,99.00,99.00,
2024-10-10 16:30:00,99.00,99.00,99.00,
2024-10-10 16:40:00,1.84,11.43,5.42,73
2024-10-10 16:50:00,99.00,99.00,99.00,
2024-10-10 17:00:00,99.00,99.00,99.00,
2024-10-10 17:10:00,1.74,6.25,5.46,269
2024-10-10 17:20:00,99.00,99.00,99.00,
2024-10-10 17:30:00,99.00,99.00,99.00,
2024-10-10 17:40:00,1.72,12.90,5.65,74
2024-10-10 17:50:00,99.00,99.00,99.00,
2024-10-10 18:00:00,99.00,99.00,99.00,
2024-10-10 18:10:00,1.62,12.12,5.40,89
2024-10-10 18:20:00,99.00,99.00,99.00,
2024-10-10 18:30:00,99.00,99.00,99.00,
2024-10-10 18:40:00,1.64,6.25,5.36,267
2024-10-10 18:50:00,99.00,99.00,99.00,
2024-10-10 19:00:00,99.00,99.00,99.00,
2024-10-10 19:10:00,1.73,5.88,5.50,300
2024-10-10 19:20:00,99.00,99.00,99.00,
2024-10-10 19:30:00,99.00,99.00,99.00,
2024-10-10 19:40:00,1.69,10.00,5.48,83
2024-10-10 19:50:00,99.00,99.00,99.00,
2024-10-10 20:00:00,99.00,99.00,99.00,
2024-10-10 20:10:00,1.61,6.25,5.21,272
2024-10-10 20:20:00,99.00,99.00,99.00,
2024-10-10 20:30:00,99.00,99.00,99.00,
2024-10-10 20:40:00,1.69,5.88,5.19,311
2024-10-10 20:50:00,99.00,99.00,99.00,
2024-10-10 21:00:00,99.00,99.00,99.00,
2024-10-10 21:10:00,1.59,5.56,5.17,312
2024-10-10 21:20:00,99.00,99.00,99.00,
2024-10-10 21:30:00,99.00,99.00,99.00,
2024-10-10 21:40:00,1.70,5.56,5.28,314
2024-10-10 21:50:00,99.00,99.00,99.00,
2024-10-10 22:00:00,99.00,99.00,99.00,
2024-10-10 22:10:00,1.67,12.90,5.32,84
2024-10-10 22:20:00,99.00,99.00,99.00,
2024-10-10 22:30:00,99.00,99.00,99.00,
2024-10-10 22:40:00,1.71,12.12,5.28,70
2024-10-10 22:50:00,99.00,99.00,99.00,
2024-10-10 23:00:00,99.00,99.00,99.00,
2024-10-10 23:10:00,1.60,12.90,5.35,93
2024-10-10 23:20:00,99.00,99.00,99.00,
2024-10-10 23:30:00,99.00,99.00,99.00,
2024-10-10 23:40:00,1.62,12.12,5.38,85
2024-10-10 23:50:00,99.00,99.00,99.00,
2024-10-11 00:00:00,99.00,99.00,99.00,
2024-10-11 00:10:00,1.54,10.81,5.32,79
2024-10-11 00:20:00,99.00,99.00,99.00,
2024-10-11 00:30:00,99.00,99.00,99.00,
2024-10-11 00:40:00,1.54,11.43,5.44,72
2024-10-11 00:50:00,99.00,99.00,99.00,
2024-10-11 01:00:00,99.00,99.00,99.00,
2024-10-11 01:10:00,1.53,6.67,5.43,245
2024-10-11 01:20:00,99.00,99.00,99.00,
2024-10-11 01:30:00,99.00,99.00,99.00,
2024-10-11 01:40:00,1.44,6.67,5.40,242
2024-10-11 01:50:00,99.00,99.00,99.00,
2024-10-11 02:00:00,99.00,99.00,99.00,
2024-10-11 02:10:00,1.50,12.12,5.33,95
2024-10-11 02:20:00,99.00,99.00,99.00,
2024-10-11 02:30:00,99.00,99.00,99.00,
2024-10-11 02:40:00,1.59,6.25,5.11,248
2024-10-11 02:50:00,99.00,99.00,99.00,
2024-10-11 03:00:00,99.00,99.00,99.00,
2024-10-11 03:10:00,1.51,11.43,4.94,75
2024-10-11 03:20:00,99.00,99.00,99.00,
2024-10-11 03:30:00,99.00,99.00,99.00,
2024-10-11 03:40:00,1.67,11.43,5.06,77
2024-10-11 03:50:00,99.00,99.00,99.00,
2024-10-11 04:00:00,99.00,99.00,99.00,
2024-10-11 04:10:00,1.77,12.90,5.12,80
2024-10-11 04:20:00,99.00,99.00,99.00,
2024-10-11 04:30:00,99.00,99.00,99.00,
2024-10-11 04:40:00,1.68,5.56,5.15,335
2024-10-11 04:50:00,99.00,99.00,99.00,
2024-10-11 05:00:00,99.00,99.00,99.00,
2024-10-11 05:10:00,1.97,5.88,5.21,324
2024-10-11 05:20:00,99.00,99.00,99.00,
2024-10-11 05:30:00,99.00,99.00,99.00,
2024-10-11 05:40:00,1.84,6.25,5.40,335
2024-10-11 05:50:00,99.00,99.00,99.00,
2024-10-11 06:00:00,99.00,99.00,99.00,
2024-10-11 06:10:00,1.85,6.25,5.41,347
2024-10-11 06:20:00,99.00,99.00,99.00,
2024-10-11 06:30:00,99.00,99.00,99.00,
2024-10-11 06:40:00,1.90,6.67,5.46,349
2024-10-11 06:50:00,99.00,99.00,99.00,
2024-10-11 07:00:00,99.00,99.00,99.00,
2024-10-11 07:10:00,2.13,6.67,5.66,334
2024-10-11 07:20:00,99.00,99.00,99.00,
2024-10-11 07:30:00,99.00,99.00,99.00,
2024-10-11 07:40:00,2.17,6.25,5.59,311
2024-10-11 07:50:00,99.00,99.00,99.00,
2024-10-11 08:00:00,99.00,99.00,99.00,
2024-10-11 08:10:00,2.12,6.25,5.54,296
2024-10-11 08:20:00,99.00,99.00,99.00,
2024-10-11 08:30:00,99.00,99.00,99.00,
2024-10-11 08:40:00,1.97,5.88,5.54,313
2024-10-11 08:50:00,99.00,99.00,99.00,
2024-10-11 09:00:00,99.00,99.00,99.00,
2024-10-11 09:10:00,1.92,6.67,5.38,315
2024-10-11 09:20:00,99.00,99.00,99.00,
2024-10-11 09:30:00,99.00,99.00,99.00,
2024-10-11 09:40:00,1.92,6.25,5.44,307
2024-10-11 09:50:00,99.00,99.00,99.00,
2024-10-11 10:00:00,99.00,99.00,99.00,
2024-10-11 10:10:00,1.89,6.67,5.37,312
2024-10-11 10:20:00,99.00,99.00,99.00,
2024-10-11 10:30:00,99.00,99.00,99.00,
2024-10-11 10:40:00,1.90,5.88,5.37,308
2024-10-11 10:50:00,99.00,99.00,99.00,
2024-10-11 11:00:00,99.00,99.00,99.00,
2024-10-11 11:10:00,1.83,6.25,5.11,303
2024-10-11 11:20:00,99.00,99.00,99.00,
2024-10-11 11:30:00,99.00,99.00,99.00,
2024-10-11 11:40:00,1.70,6.25,5.01,310
2024-10-11 11:50:00,99.00,99.00,99.00,
2024-10-11 12:00:00,99.00,99.00,99.00,
2024-10-11 12:10:00,1.86,5.56,5.13,326
2024-10-11 12:20:00,99.00,99.00,99.00,
2024-10-11 12:30:00,99.00,99.00,99.00,
2024-10-11 12:40:00,1.78,6.25,5.09,324
2024-10-11 12:50:00,99.00,99.00,99.00,
2024-10-11 13:00:00,99.00,99.00,99.00,
2024-10-11 13:10:00,1.83,5.88,5.06,314
2024-10-11 13:20:00,99.00,99.00,99.00,
2024-10-11 13:30:00,99.00,99.00,99.00,
2024-10-11 13:40:00,1.73,6.25,5.05,309
2024-10-11 13:50:00,99.00,99.00,99.00,
2024-10-11 14:00:00,99.00,99.00,99.00,
2024-10-11 14:10:00,1.66,6.25,5.03,304
2024-10-11 14:20:00,99.00,99.00,99.00,
2024-10-11 14:30:00,99.00,99.00,99.00,
2024-10-11 14:40:00,1.64,5.88,4.96,314
2024-10-11 14:50:00,99.00,99.00,99.00,
2024-10-11 15:00:00,99.00,99.00,99.00,
2024-10-11 15:10:00,1.63,5.88,5.13,313
2024-10-11 15:20:00,99.00,99.00,99.00,
2024-10-11 15:30:00,99.00,99.00,99.00,
2024-10-11 15:40:00,1.51,6.25,5.00,305
2024-10-11 15:50:00,99.00,99.00,99.00,
2024-10-11 16:00:00,99.00,99.00,99.00,
2024-10-11 16:10:00,1.44,5.88,4.94,319
2024-10-11 16:20:00,99.00,99.00,99.00,
2024-10-11 16:30:00,99.00,99.00,99.00,
2024-10-11 16:40:00,1.45,5.88,5.05,307
2024-10-11 16:50:00,99.00,99.00,99.00,
2024-10-11 17:00:00,99.00,99.00,99.00,
2024-10-11 17:10:00,1.38,5.56,4.98,301
2024-10-11 17:20:00,99.00,99.00,99.00,
2024-10-11 17:30:00,99.00,99.00,99.00,
2024-10-11 17:40:00,1.47,5.88,5.06,288
2024-10-11 17:50:00,99.00,99.00,99.00,
2024-10-11 18:00:00,99.00,99.00,99.00,
2024-10-11 18:10:00,1.42,5.88,5.05,294
2024-10-11 18:20:00,99.00,99.00,99.00,
2024-10-11 18:30:00,99.00,99.00,99.00,
2024-10-11 18:40:00,1.39,5.56,4.97,296
2024-10-11 18:50:00,99.00,99.00,99.00,
2024-10-11 19:00:00,99.00,99.00,99.00,
2024-10-11 19:10:00,1.41,11.43,4.99,89
2024-10-11 19:20:00,99.00,99.00,99.00,
2024-10-11 19:30:00,99.00,99.00,99.00,
2024-10-11 19:40:00,1.56,5.26,4.91,294
2024-10-11 19:50:00,99.00,99.00,99.00,
2024-10-11 20:00:00,99.00,99.00,99.00,
2024-10-11 20:10:00,1.48,5.56,4.70,305
2024-10-11 20:20:00,99.00,99.00,99.00,
2024-10-11 20:30:00,99.00,99.00,99.00,
2024-10-11 20:40:00,1.55,5.26,4.87,307
2024-10-11 20:50:00,99.00,99.00,99.00,
2024-10-11 21:00:00,99.00,99.00,99.00,
2024-10-11 21:10:00,1.46,5.00,4.69,294
2024-10-11 21:20:00,99.00,99.00,99.00,
2024-10-11 21:30:00,99.00,99.00,99.00,
2024-10-11 21:40:00,1.63,5.26,4.63,295
2024-10-11 21:50:00,99.00,99.00,99.00,
2024-10-11 22:00:00,99.00,99.00,99.00,
2024-10-11 22:10:00,1.63,5.56,4.76,296
2024-10-11 22:20:00,99.00,99.00,99.00,
2024-10-11 22:30:00,99.00,99.00,99.00,
2024-10-11 22:40:00,1.59,5.56,4.65,293
2024-10-11 22:50:00,99.00,99.00,99.00,
2024-10-11 23:00:00,99.00,99.00,99.00,
2024-10-11 23:10:00,1.58,5.56,4.70,296
2024-10-11 23:20:00,99.00,99.00,99.00,
2024-10-11 23:30:00,99.00,99.00,99.00,
2024-10-11 23:40:00,1.66,5.88,4.79,300
2024-10-11 23:50:00,99.00,99.00,99.00,
2024-10-12 00:00:00,99.00,99.00,99.00,
2024-10-12 00:10:00,1.64,5.88,4.69,297
2024-10-12 00:20:00,99.00,99.00,99.00,
2024-10-12 00:30:00,99.00,99.00,99.00,
2024-10-12 00:40:00,1.59,5.56,4.63,301
2024-10-12 00:50:00,99.00,99.00,99.00,
2024-10-12 01:00:00,99.00,99.00,99.00,
2024-10-12 01:10:00,1.61,5.56,4.86,296
2024-10-12 01:20:00,99.00,99.00,99.00,
2024-10-12 01:30:00,99.00,99.00,99.00,
2024-10-12 01:40:00,1.64,6.25,4.81,299
2024-10-12 01:50:00,99.00,99.00,99.00,
2024-10-12 02:00:00,99.00,99.00,99.00,
2024-10-12 02:10:00,1.55,6.25,4.76,294
2024-10-12 02:20:00,99.00,99.00,99.00,
2024-10-12 02:30:00,99.00,99.00,99.00,
2024-10-12 02:40:00,1.78,5.88,5.19,283
2024-10-12 02:50:00,99.00,99.00,99.00,
2024-10-12 03:00:00,99.00,99.00,99.00,
2024-10-12 03:10:00,1.58,6.25,5.05,286
2024-10-12 03:20:00,99.00,99.00,99.00,
2024-10-12 03:30:00,99.00,99.00,99.00,
2024-10-12 03:40:00,1.66,6.25,5.21,286
2024-10-12 03:50:00,99.00,99.00,99.00,
2024-10-12 04:00:00,99.00,99.00,99.00,
2024-10-12 04:10:00,1.60,6.25,5.26,282
2024-10-12 04:20:00,99.00,99.00,99.00,
2024-10-12 04:30:00,99.00,99.00,99.00,
2024-10-12 04:40:00,1.63,6.67,5.21,272
2024-10-12 04:50:00,99.00,99.00,99.00,
2024-10-12 05:00:00,99.00,99.00,99.00,
2024-10-12 05:10:00,1.72,6.67,5.31,280
2024-10-12 05:20:00,99.00,99.00,99.00,
2024-10-12 05:30:00,99.00,99.00,99.00,
2024-10-12 05:40:00,1.57,6.67,5.10,278
2024-10-12 05:50:00,99.00,99.00,99.00,
2024-10-12 06:00:00,99.00,99.00,99.00,
2024-10-12 06:10:00,1.69,6.25,5.21,267
2024-10-12 06:20:00,99.00,99.00,99.00,
2024-10-12 06:30:00,99.00,99.00,99.00,
2024-10-12 06:40:00,1.61,6.25,5.13,271
2024-10-12 06:50:00,99.00,99.00,99.00,
2024-10-12 07:00:00,99.00,99.00,99.00,
2024-10-12 07:10:00,1.60,6.67,5.05,281
2024-10-12 07:20:00,99.00,99.00,99.00,
2024-10-12 07:30:00,99.00,99.00,99.00,
2024-10-12 07:40:00,1.58,6.25,4.95,267
2024-10-12 07:50:00,99.00,99.00,99.00,
2024-10-12 08:00:00,99.00,99.00,99.00,
2024-10-12 08:10:00,1.56,6.25,4.81,271
2024-10-12 08:20:00,99.00,99.00,99.00,
2024-10-12 08:30:00,99.00,99.00,99.00,
2024-10-12 08:40:00,1.72,5.88,5.01,269
2024-10-12 08:50:00,99.00,99.00,99.00,
2024-10-12 09:00:00,99.00,99.00,99.00,
2024-10-12 09:10:00,1.65,6.25,5.00,261
2024-10-12 09:20:00,99.00,99.00,99.00,
2024-10-12 09:30:00,99.00,99.00,99.00,
2024-10-12 09:40:00,1.66,6.25,5.01,266
2024-10-12 09:50:00,99.00,99.00,99.00,
2024-10-12 10:00:00,99.00,99.00,99.00,
2024-10-12 10:10:00,1.75,6.25,4.85,269
2024-10-12 10:20:00,99.00,99.00,99.00,
2024-10-12 10:30:00,99.00,99.00,99.00,
2024-10-12 10:40:00,1.79,6.67,4.97,268
2024-10-12 10:50:00,99.00,99.00,99.00,
2024-10-12 11:00:00,99.00,99.00,99.00,
2024-10-12 11:10:00,1.83,6.67,4.94,259
2024-10-12 11:20:00,99.00,99.00,99.00,
2024-10-12 11:30:00,99.00,99.00,99.00,
2024-10-12 11:40:00,2.03,6.67,5.10,259
2024-10-12 11:50:00,99.00,99.00,99.00,
2024-10-12 12:00:00,99.00,99.00,99.00,
2024-10-12 12:10:00,1.96,6.25,4.86,262
2024-10-12 12:20:00,99.00,99.00,99.00,
2024-10-12 12:30:00,99.00,99.00,99.00,
2024-10-12 12:40:00,1.99,6.67,4.94,266
2024-10-12 12:50:00,99.00,99.00,99.00,
2024-10-12 13:00:00,99.00,99.00,99.00,
2024-10-12 13:10:00,2.15,7.14,5.15,265
2024-10-12 13:20:00,99.00,99.00,99.00,
2024-10-12 13:30:00,99.00,99.00,99.00,
2024-10-12 13:40:00,2.09,7.14,5.11,262
2024-10-12 13:50:00,99.00,99.00,99.00,
2024-10-12 14:00:00,99.00,99.00,99.00,
2024-10-12 14:10:00,2.32,7.69,5.34,268
2024-10-12 14:20:00,99.00,99.00,99.00,
2024-10-12 14:30:00,99.00,99.00,99.00,
2024-10-12 14:40:00,2.14,7.14,5.23,267
2024-10-12 14:50:00,99.00,99.00,99.00,
2024-10-12 15:00:00,99.00,99.00,99.00,
2024-10-12 15:10:00,2.36,7.69,5.52,266
2024-10-12 15:20:00,99.00,99.00,99.00,
2024-10-12 15:30:00,99.00,99.00,99.00,
2024-10-12 15:40:00,2.34,7.69,5.42,269
2024-10-12 15:50:00,99.00,99.00,99.00,
2024-10-12 16:00:00,99.00,99.00,99.00,
2024-10-12 16:10:00,2.26,7.69,5.46,260
2024-10-12 16:20:00,99.00,99.00,99.00,
2024-10-12 16:30:00,99.00,99.00,99.00,
2024-10-12 16:40:00,2.32,7.14,5.66,261
2024-10-12 16:50:00,99.00,99.00,99.00,
2024-10-12 17:00:00,99.00,99.00,99.00,
2024-10-12 17:10:00,2.41,7.69,5.71,260
2024-10-12 17:20:00,99.00,99.00,99.00,
2024-10-12 17:30:00,99.00,99.00,99.00,
2024-10-12 17:40:00,2.23,7.69,5.57,263
2024-10-12 17:50:00,99.00,99.00,99.00,
2024-10-12 18:00:00,99.00,99.00,99.00,
2024-10-12 18:10:00,2.21,7.69,5.64,257
2024-10-12 18:20:00,99.00,99.00,99.00,
2024-10-12 18:30:00,99.00,99.00,99.00,
2024-10-12 18:40:00,2.18,7.69,5.62,260
2024-10-12 18:50:00,99.00,99.00,99.00,
2024-10-12 19:00:00,99.00,99.00,99.00,
2024-10-12 19:10:00,2.17,7.69,5.59,256
2024-10-12 19:20:00,99.00,99.00,99.00,
2024-10-12 19:30:00,99.00,99.00,99.00,
2024-10-12 19:40:00,1.96,7.69,5.27,262
2024-10-12 19:50:00,99.00,99.00,99.00,
2024-10-12 20:00:00,99.00,99.00,99.00,
2024-10-12 20:10:00,2.16,7.69,5.61,252
2024-10-12 20:20:00,99.00,99.00,99.00,
2024-10-12 20:30:00,99.00,99.00,99.00,
2024-10-12 20:40:00,2.04,7.69,5.43,260
2024-10-12 20:50:00,99.00,99.00,99.00,
2024-10-12 21:00:00,99.00,99.00,99.00,
2024-10-12 21:10:00,2.00,8.33,5.54,248
2024-10-12 21:20:00,99.00,99.00,99.00,
2024-10-12 21:30:00,99.00,99.00,99.00,
2024-10-12 21:40:00,1.82,7.69,5.21,252
2024-10-12 21:50:00,99.00,99.00,99.00,
2024-10-12 22:00:00,99.00,99.00,99.00,
2024-10-12 22:10:00,1.84,7.14,5.21,260
2024-10-12 22:20:00,99.00,99.00,99.00,
2024-10-12 22:30:00,99.00,99.00,99.00,
2024-10-12 22:40:00,1.87,7.69,5.41,253
2024-10-12 22:50:00,99.00,99.00,99.00,
2024-10-12 23:00:00,99.00,99.00,99.00,
2024-10-12 23:10:00,1.75,8.33,5.39,249
2024-10-12 23:20:00,99.00,99.00,99.00,
2024-10-12 23:30:00,99.00,99.00,99.00,
2024-10-12 23:40:00,1.73,7.69,5.38,255
2024-10-12 23:50:00,99.00,99.00,99.00,
2024-10-13 00:00:00,99.00,99.00,99.00,
2024-10-13 00:10:00,1.76,8.33,5.35,251
2024-10-13 00:20:00,99.00,99.00,99.00,
2024-10-13 00:30:00,99.00,99.00,99.00,
2024-10-13 00:40:00,1.70,7.69,5.46,249
2024-10-13 00:50:00,99.00,99.00,99.00,
2024-10-13 01:00:00,99.00,99.00,99.00,
2024-10-13 01:10:00,1.69,7.69,5.51,256
2024-10-13 01:20:00,99.00,99.00,99.00,
2024-10-13 01:30:00,99.00,99.00,99.00,
2024-10-13 01:40:00,1.62,7.69,5.35,249
2024-10-13 01:50:00,99.00,99.00,99.00,
2024-10-13 02:00:00,99.00,99.00,99.00,
2024-10-13 02:10:00,1.51,7.69,5.42,255
2024-10-13 02:20:00,99.00,99.00,99.00,
2024-10-13 02:30:00,99.00,99.00,99.00,
2024-10-13 02:40:00,1.64,7.69,5.62,245
2024-10-13 02:50:00,99.00,99.00,99.00,
2024-10-13 03:00:00,99.00,99.00,99.00,
2024-10-13 03:10:00,1.53,7.69,5.57,241
2024-10-13 03:20:00,99.00,99.00,99.00,
2024-10-13 03:30:00,99.00,99.00,99.00,
2024-10-13 03:40:00,1.59,7.69,5.80,247
2024-10-13 03:50:00,99.00,99.00,99.00,
2024-10-13 04:00:00,99.00,99.00,99.00,
2024-10-13 04:10:00,1.56,7.69,5.78,238
2024-10-13 04:20:00,99.00,99.00,99.00,
2024-10-13 04:30:00,99.00,99.00,99.00,
2024-10-13 04:40:00,1.44,7.69,5.86,243
2024-10-13 04:50:00,99.00,99.00,99.00,
2024-10-13 05:00:00,99.00,99.00,99.00,
2024-10-13 05:10:00,1.41,7.14,5.80,242
2024-10-13 05:20:00,99.00,99.00,99.00,
2024-10-13 05:30:00,99.00,99.00,99.00,
2024-10-13 05:40:00,1.26,7.69,5.70,241
2024-10-13 05:50:00,99.00,99.00,99.00,
2024-10-13 06:00:00,99.00,99.00,99.00,
2024-10-13 06:10:00,1.30,7.14,5.81,243
2024-10-13 06:20:00,99.00,99.00,99.00,
2024-10-13 06:30:00,99.00,99.00,99.00,
2024-10-13 06:40:00,1.44,7.14,5.66,246
2024-10-13 06:50:00,99.00,99.00,99.00,
2024-10-13 07:00:00,99.00,99.00,99.00,
2024-10-13 07:10:00,1.35,7.14,5.62,247
2024-10-13 07:20:00,99.00,99.00,99.00,
2024-10-13 07:30:00,99.00,99.00,99.00,
2024-10-13 07:40:00,1.38,6.67,5.55,245
2024-10-13 07:50:00,99.00,99.00,99.00,
2024-10-13 08:00:00,99.00,99.00,99.00,
2024-10-13 08:10:00,1.35,6.67,5.50,241
2024-10-13 08:20:00,99.00,99.00,99.00,
2024-10-13 08:30:00,99.00,99.00,99.00,
2024-10-13 08:40:00,1.35,6.67,5.47,235
2024-10-13 08:50:00,99.00,99.00,99.00,
2024-10-13 09:00:00,99.00,99.00,99.00,
2024-10-13 09:10:00,1.19,6.67,5.40,239
2024-10-13 09:20:00,99.00,99.00,99.00,
2024-10-13 09:30:00,99.00,99.00,99.00,
2024-10-13 09:40:00,1.20,6.67,5.37,222
2024-10-13 09:50:00,99.00,99.00,99.00,
2024-10-13 10:00:00,99.00,99.00,99.00,
2024-10-13 10:10:00,1.09,6.67,5.56,276
2024-10-13 10:20:00,99.00,99.00,99.00,
2024-10-13 10:30:00,99.00,99.00,99.00,
2024-10-13 10:40:00,1.12,6.67,5.38,245
2024-10-13 10:50:00,99.00,99.00,99.00,
2024-10-13 11:00:00,99.00,99.00,99.00,
2024-10-13 11:10:00,1.07,6.25,5.40,249
2024-10-13 11:20:00,99.00,99.00,99.00,
2024-10-13 11:30:00,99.00,99.00,99.00,
2024-10-13 11:40:00,1.04,6.67,5.50,342
2024-10-13 11:50:00,99.00,99.00,99.00,
2024-10-13 12:00:00,99.00,99.00,99.00,
2024-10-13 12:10:00,1.05,5.88,5.43,252
2024-10-13 12:20:00,99.00,99.00,99.00,
2024-10-13 12:30:00,99.00,99.00,99.00,
2024-10-13 12:40:00,1.01,12.90,5.67,111
2024-10-13 12:50:00,99.00,99.00,99.00,
2024-10-13 13:00:00,99.00,99.00,99.00,
2024-10-13 13:10:00,1.11,5.88,5.69,272
2024-10-13 13:20:00,99.00,99.00,99.00,
2024-10-13 13:30:00,99.00,99.00,99.00,
2024-10-13 13:40:00,1.04,12.90,5.74,130
2024-10-13 13:50:00,99.00,99.00,99.00,
2024-10-13 14:00:00,99.00,99.00,99.00,
2024-10-13 14:10:00,1.09,12.90,5.78,150
2024-10-13 14:20:00,99.00,99.00,99.00,
2024-10-13 14:30:00,99.00,99.00,99.00,
2024-10-13 14:40:00,1.06,6.67,5.61,190
2024-10-13 14:50:00,99.00,99.00,99.00,
2024-10-13 15:00:00,99.00,99.00,99.00,
2024-10-13 15:10:00,1.09,6.67,5.82,204
2024-10-13 15:20:00,99.00,99.00,99.00,
2024-10-13 15:30:00,99.00,99.00,99.00,
2024-10-13 15:40:00,1.08,12.12,5.81,137
2024-10-13 15:50:00,99.00,99.00,99.00,
2024-10-13 16:00:00,99.00,99.00,99.00,
2024-10-13 16:10:00,1.19,6.25,5.83,215
2024-10-13 16:20:00,99.00,99.00,99.00,
2024-10-13 16:30:00,99.00,99.00,99.00,
2024-10-13 16:40:00,1.24,12.12,5.74,143
2024-10-13 16:50:00,99.00,99.00,99.00,
2024-10-13 17:00:00,99.00,99.00,99.00,
2024-10-13 17:10:00,1.14,6.25,5.37,240
2024-10-13 17:20:00,99.00,99.00,99.00,
2024-10-13 17:30:00,99.00,99.00,99.00,
2024-10-13 17:40:00,1.20,12.12,5.57,131
2024-10-13 17:50:00,99.00,99.00,99.00,
2024-10-13 18:00:00,99.00,99.00,99.00,
2024-10-13 18:10:00,1.32,6.25,5.55,239
2024-10-13 18:20:00,99.00,99.00,99.00,
2024-10-13 18:30:00,99.00,99.00,99.00,
2024-10-13 18:40:00,1.21,12.12,5.28,136
2024-10-13 18:50:00,99.00,99.00,99.00,
2024-10-13 19:00:00,99.00,99.00,99.00,
2024-10-13 19:10:00,1.20,12.12,5.42,120
2024-10-13 19:20:00,99.00,99.00,99.00,
2024-10-13 19:30:00,99.00,99.00,99.00,
2024-10-13 19:40:00,1.32,6.25,5.63,257
2024-10-13 19:50:00,99.00,99.00,99.00,
2024-10-13 20:00:00,99.00,99.00,99.00,
2024-10-13 20:10:00,1.16,5.88,5.40,239
2024-10-13 20:20:00,99.00,99.00,99.00,
2024-10-13 20:30:00,99.00,99.00,99.00,
2024-10-13 20:40:00,1.12,12.12,5.43,132
2024-10-13 20:50:00,99.00,99.00,99.00,
2024-10-13 21:00:00,99.00,99.00,99.00,
2024-10-13 21:10:00,1.13,5.88,4.92,225
2024-10-13 21:20:00,99.00,99.00,99.00,
2024-10-13 21:30:00,99.00,99.00,99.00,
2024-10-13 21:40:00,1.18,11.43,4.83,136
2024-10-13 21:50:00,99.00,99.00,99.00,
2024-10-13 22:00:00,99.00,99.00,99.00,
2024-10-13 22:10:00,1.29,5.88,4.85,230
2024-10-13 22:20:00,99.00,99.00,99.00,
2024-10-13 22:30:00,99.00,99.00,99.00,
2024-10-13 22:40:00,1.38,12.12,4.82,125
2024-10-13 22:50:00,99.00,99.00,99.00,
2024-10-13 23:00:00,99.00,99.00,99.00,
2024-10-13 23:10:00,1.36,5.88,4.87,229
2024-10-13 23:20:00,99.00,99.00,99.00,
2024-10-13 23:30:00,99.00,99.00,99.00,
2024-10-13 23:40:00,1.37,5.88,4.87,235
2024-10-13 23:50:00,99.00,99.00,99.00,
2024-10-14 00:00:00,99.00,99.00,99.00,
2024-10-14 00:10:00,1.51,5.88,5.02,225
2024-10-14 00:20:00,99.00,99.00,99.00,
2024-10-14 00:30:00,99.00,99.00,99.00,
2024-10-14 00:40:00,1.42,6.25,4.83,229
2024-10-14 00:50:00,99.00,99.00,99.00,
2024-10-14 01:00:00,99.00,99.00,99.00,
2024-10-14 01:10:00,1.39,11.43,4.90,129
2024-10-14 01:20:00,99.00,99.00,99.00,
2024-10-14 01:30:00,99.00,99.00,99.00,
2024-10-14 01:40:00,1.49,11.43,5.00,135
2024-10-14 01:50:00,99.00,99.00,99.00,
2024-10-14 02:00:00,99.00,99.00,99.00,
2024-10-14 02:10:00,1.54,6.25,5.03,237
2024-10-14 02:20:00,99.00,99.00,99.00,
2024-10-14 02:30:00,99.00,99.00,99.00,
2024-10-14 02:40:00,1.53,6.67,5.27,228
2024-10-14 02:50:00,99.00,99.00,99.00,
2024-10-14 03:00:00,99.00,99.00,99.00,
2024-10-14 03:10:00,1.58,6.25,5.43,223
2024-10-14 03:20:00,99.00,99.00,99.00,
2024-10-14 03:30:00,99.00,99.00,99.00,
2024-10-14 03:40:00,1.63,6.67,5.61,222
2024-10-14 03:50:00,99.00,99.00,99.00,
2024-10-14 04:00:00,99.00,99.00,99.00,
2024-10-14 04:10:00,1.63,6.67,5.53,219
2024-10-14 04:20:00,99.00,99.00,99.00,
2024-10-14 04:30:00,99.00,99.00,99.00,
2024-10-14 04:40:00,1.88,7.14,5.93,223
2024-10-14 04:50:00,99.00,99.00,99.00,
2024-10-14 05:00:00,99.00,99.00,99.00,
2024-10-14 05:10:00,1.94,6.67,5.88,225
2024-10-14 05:20:00,99.00,99.00,99.00,
2024-10-14 05:30:00,99.00,99.00,99.00,
2024-10-14 05:40:00,2.19,7.69,6.14,231
2024-10-14 05:50:00,99.00,99.00,99.00,
2024-10-14 06:00:00,99.00,99.00,99.00,
2024-10-14 06:10:00,2.22,7.69,6.15,227
2024-10-14 06:20:00,99.00,99.00,99.00,
2024-10-14 06:30:00,99.00,99.00,99.00,
2024-10-14 06:40:00,2.28,7.69,6.21,228
2024-10-14 06:50:00,99.00,99.00,99.00,
2024-10-14 07:00:00,99.00,99.00,99.00,
2024-10-14 07:10:00,2.55,7.69,6.33,219
2024-10-14 07:20:00,99.00,99.00,99.00,
2024-10-14 07:30:00,99.00,99.00,99.00,
2024-10-14 07:40:00,2.59,8.33,6.36,231
2024-10-14 07:50:00,99.00,99.00,99.00,
2024-10-14 08:00:00,99.00,99.00,99.00,
2024-10-14 08:10:00,2.53,7.69,6.16,226
2024-10-14 08:20:00,99.00,99.00,99.00,
2024-10-14 08:30:00,99.00,99.00,99.00,
2024-10-14 08:40:00,2.62,8.33,6.09,227
2024-10-14 08:50:00,99.00,99.00,99.00,
2024-10-14 09:00:00,99.00,99.00,99.00,
2024-10-14 09:10:00,2.49,8.33,6.02,234
2024-10-14 09:20:00,99.00,99.00,99.00,
2024-10-14 09:30:00,99.00,99.00,99.00,
2024-10-14 09:40:00,2.56,8.33,6.26,235
2024-10-14 09:50:00,99.00,99.00,99.00,
2024-10-14 10:00:00,99.00,99.00,99.00,
2024-10-14 10:10:00,2.40,7.69,5.89,228
2024-10-14 10:20:00,99.00,99.00,99.00,
2024-10-14 10:30:00,99.00,99.00,99.00,
2024-10-14 10:40:00,2.40,8.33,6.04,232
2024-10-14 10:50:00,99.00,99.00,99.00,
2024-10-14 11:00:00,99.00,99.00,99.00,
2024-10-14 11:10:00,2.60,8.33,6.26,232
2024-10-14 11:20:00,99.00,99.00,99.00,
2024-10-14 11:30:00,99.00,99.00,99.00,
2024-10-14 11:40:00,2.48,9.09,6.30,237
2024-10-14 11:50:00,99.00,99.00,99.00,
2024-10-14 12:00:00,99.00,99.00,99.00,
2024-10-14 12:10:00,2.71,8.33,6.40,240
2024-10-14 12:20:00,99.00,99.00,99.00,
2024-10-14 12:30:00,99.00,99.00,99.00,
2024-10-14 12:40:00,2.76,8.33,6.53,225
2024-10-14 12:50:00,99.00,99.00,99.00,
2024-10-14 13:00:00,99.00,99.00,99.00,
2024-10-14 13:10:00,2.90,8.33,6.58,238
2024-10-14 13:20:00,99.00,99.00,99.00,
2024-10-14 13:30:00,99.00,99.00,99.00,
2024-10-14 13:40:00,2.61,9.09,6.24,241
2024-10-14 13:50:00,99.00,99.00,99.00,
2024-10-14 14:00:00,99.00,99.00,99.00,
2024-10-14 14:10:00,3.06,9.09,7.02,235
2024-10-14 14:20:00,99.00,99.00,99.00,
2024-10-14 14:30:00,99.00,99.00,99.00,
2024-10-14 14:40:00,2.76,9.09,6.82,239
2024-10-14 14:50:00,99.00,99.00,99.00,
2024-10-14 15:00:00,99.00,99.00,99.00,
2024-10-14 15:10:00,2.71,9.09,6.75,239
2024-10-14 15:20:00,99.00,99.00,99.00,
2024-10-14 15:30:00,99.00,99.00,99.00,
2024-10-14 15:40:00,2.79,8.33,6.93,220
2024-10-14 15:50:00,99.00,99.00,99.00,
2024-10-14 16:00:00,99.00,99.00,99.00,
2024-10-14 16:10:00,2.67,8.33,6.92,217
2024-10-14 16:20:00,99.00,99.00,99.00,
2024-10-14 16:30:00,99.00,99.00,99.00,
2024-10-14 16:40:00,2.77,9.09,6.97,234
2024-10-14 16:50:00,99.00,99.00,99.00,
2024-10-14 17:00:00,99.00,99.00,99.00,
2024-10-14 17:10:00,2.70,9.09,6.90,228
2024-10-14 17:20:00,99.00,99.00,99.00,
2024-10-14 17:30:00,99.00,99.00,99.00,
2024-10-14 17:40:00,2.84,9.09,7.04,225
2024-10-14 17:50:00,99.00,99.00,99.00,
2024-10-14 18:00:00,99.00,99.00,99.00,
2024-10-14 18:10:00,2.88,9.09,7.05,223
2024-10-14 18:20:00,99.00,99.00,99.00,
2024-10-14 18:30:00,99.00,99.00,99.00,
2024-10-14 18:40:00,2.72,9.09,6.87,229
2024-10-14 18:50:00,99.00,99.00,99.00,
2024-10-14 19:00:00,99.00,99.00,99.00,
2024-10-14 19:10:00,2.92,9.09,6.89,235
2024-10-14 19:20:00,99.00,99.00,99.00,
2024-10-14 19:30:00,99.00,99.00,99.00,
2024-10-14 19:40:00,2.98,9.09,6.98,232
2024-10-14 19:50:00,99.00,99.00,99.00,
2024-10-14 20:00:00,99.00,99.00,99.00,
2024-10-14 20:10:00,2.91,9.09,6.74,236
2024-10-14 20:20:00,99.00,99.00,99.00,
2024-10-14 20:30:00,99.00,99.00,99.00,
2024-10-14 20:40:00,2.69,8.33,6.47,220
2024-10-14 20:50:00,99.00,99.00,99.00,
2024-10-14 21:00:00,99.00,99.00,99.00,
2024-10-14 21:10:00,2.75,9.09,6.61,225
2024-10-14 21:20:00,99.00,99.00,99.00,
2024-10-14 21:30:00,99.00,99.00,99.00,
2024-10-14 21:40:00,2.81,9.09,6.54,225
2024-10-14 21:50:00,99.00,99.00,99.00,
2024-10-14 22:00:00,99.00,99.00,99.00,
2024-10-14 22:10:00,2.78,9.09,6.58,220
2024-10-14 22:20:00,99.00,99.00,99.00,
2024-10-14 22:30:00,99.00,99.00,99.00,
2024-10-14 22:40:00,2.83,8.33,6.72,219
2024-10-14 22:50:00,99.00,99.00,99.00,
2024-10-14 23:00:00,99.00,99.00,99.00,
2024-10-14 23:10:00,2.31,10.00,6.39,212
2024-10-14 23:20:00,99.00,99.00,99.00,
2024-10-14 23:30:00,99.00,99.00,99.00,
2024-10-14 23:40:00,2.77,10.00,6.76,201
2024-10-14 23:50:00,99.00,99.00,99.00,
2024-10-15 00:00:00,99.00,99.00,99.00,
2024-10-15 00:10:00,2.55,10.00,6.63,200
2024-10-15 00:20:00,99.00,99.00,99.00,
2024-10-15 00:30:00,99.00,99.00,99.00,
2024-10-15 00:40:00,2.76,9.09,6.97,215
2024-10-15 00:50:00,99.00,99.00,99.00,
2024-10-15 01:00:00,99.00,99.00,99.00,
2024-10-15 01:10:00,2.64,9.09,6.76,217
2024-10-15 01:20:00,99.00,99.00,99.00,
2024-10-15 01:30:00,99.00,99.00,99.00,
2024-10-15 01:40:00,2.66,9.09,6.55,213
2024-10-15 01:50:00,99.00,99.00,99.00,
2024-10-15 02:00:00,99.00,99.00,99.00,
2024-10-15 02:10:00,2.51,9.09,6.29,209
2024-10-15 02:20:00,99.00,99.00,99.00,
2024-10-15 02:30:00,99.00,99.00,99.00,
2024-10-15 02:40:00,2.47,10.00,6.26,199
2024-10-15 02:50:00,99.00,99.00,99.00,
2024-10-15 03:00:00,99.00,99.00,99.00,
2024-10-15 03:10:00,2.85,9.09,6.58,214
2024-10-15 03:20:00,99.00,99.00,99.00,
2024-10-15 03:30:00,99.00,99.00,99.00,
2024-10-15 03:40:00,2.88,10.00,6.55,204
2024-10-15 03:50:00,99.00,99.00,99.00,
2024-10-15 04:00:00,99.00,99.00,99.00,
2024-10-15 04:10:00,2.99,10.00,6.74,201
2024-10-15 04:20:00,99.00,99.00,99.00,
2024-10-15 04:30:00,99.00,99.00,99.00,
2024-10-15 04:40:00,3.09,10.00,6.94,200
2024-10-15 04:50:00,99.00,99.00,99.00,
2024-10-15 05:00:00,99.00,99.00,99.00,
2024-10-15 05:10:00,2.80,10.00,6.52,193
2024-10-15 05:20:00,99.00,99.00,99.00,
2024-10-15 05:30:00,99.00,99.00,99.00,
2024-10-15 05:40:00,2.97,9.09,6.79,200
2024-10-15 05:50:00,99.00,99.00,99.00,
2024-10-15 06:00:00,99.00,99.00,99.00,
2024-10-15 06:10:00,3.04,9.09,6.79,204
2024-10-15 06:20:00,99.00,99.00,99.00,
2024-10-15 06:30:00,99.00,99.00,99.00,
2024-10-15 06:40:00,2.91,9.09,6.86,210
2024-10-15 06:50:00,99.00,99.00,99.00,
2024-10-15 07:00:00,99.00,99.00,99.00,
2024-10-15 07:10:00,3.06,10.00,7.00,201
2024-10-15 07:20:00,99.00,99.00,99.00,
2024-10-15 07:30:00,99.00,99.00,99.00,
2024-10-15 07:40:00,2.87,9.09,6.90,205
2024-10-15 07:50:00,99.00,99.00,99.00,
2024-10-15 08:00:00,99.00,99.00,99.00,
2024-10-15 08:10:00,2.70,9.09,6.80,209
2024-10-15 08:20:00,99.00,99.00,99.00,
2024-10-15 08:30:00,99.00,99.00,99.00,
2024-10-15 08:40:00,3.03,9.09,6.88,209
2024-10-15 08:50:00,99.00,99.00,99.00,
2024-10-15 09:00:00,99.00,99.00,99.00,
2024-10-15 09:10:00,2.68,9.09,6.62,213
2024-10-15 09:20:00,99.00,99.00,99.00,
2024-10-15 09:30:00,99.00,99.00,99.00,
2024-10-15 09:40:00,2.70,8.33,6.52,219
2024-10-15 09:50:00,99.00,99.00,99.00,
2024-10-15 10:00:00,99.00,99.00,99.00,
2024-10-15 10:10:00,2.83,9.09,6.49,217
2024-10-15 10:20:00,99.00,99.00,99.00,
2024-10-15 10:30:00,99.00,99.00,99.00,
2024-10-15 10:40:00,2.56,7.69,6.43,221
2024-10-15 10:50:00,99.00,99.00,99.00,
2024-10-15 11:00:00,99.00,99.00,99.00,
2024-10-15 11:10:00,2.55,8.33,6.20,234
2024-10-15 11:20:00,99.00,99.00,99.00,
2024-10-15 11:30:00,99.00,99.00,99.00,
2024-10-15 11:40:00,3.01,8.33,6.43,240
2024-10-15 11:50:00,99.00,99.00,99.00,
2024-10-15 12:00:00,99.00,99.00,99.00,
2024-10-15 12:10:00,2.67,9.09,6.33,234
2024-10-15 12:20:00,99.00,99.00,99.00,
2024-10-15 12:30:00,99.00,99.00,99.00,
2024-10-15 12:40:00,2.69,8.33,6.19,238
2024-10-15 12:50:00,99.00,99.00,99.00,
2024-10-15 13:00:00,99.00,99.00,99.00,
2024-10-15 13:10:00,2.35,8.33,5.91,248
2024-10-15 13:20:00,99.00,99.00,99.00,
2024-10-15 13:30:00,99.00,99.00,99.00,
2024-10-15 13:40:00,2.51,8.33,6.11,232
2024-10-15 13:50:00,99.00,99.00,99.00,
2024-10-15 14:00:00,99.00,99.00,99.00,
2024-10-15 14:10:00,2.30,7.14,5.79,269
2024-10-15 14:20:00,99.00,99.00,99.00,
2024-10-15 14:30:00,99.00,99.00,99.00,
2024-10-15 14:40:00,2.43,8.33,5.90,245
2024-10-15 14:50:00,99.00,99.00,99.00,
2024-10-15 15:00:00,99.00,99.00,99.00,
2024-10-15 15:10:00,2.29,8.33,5.89,229
2024-10-15 15:20:00,99.00,99.00,99.00,
2024-10-15 15:30:00,99.00,99.00,99.00,
2024-10-15 15:40:00,2.29,7.69,5.84,245
2024-10-15 15:50:00,99.00,99.00,99.00,
2024-10-15 16:00:00,99.00,99.00,99.00,
2024-10-15 16:10:00,2.25,7.69,5.98,255
2024-10-15 16:20:00,99.00,99.00,99.00,
2024-10-15 16:30:00,99.00,99.00,99.00,
2024-10-15 16:40:00,2.19,8.33,5.84,219
2024-10-15 16:50:00,99.00,99.00,99.00,
2024-10-15 17:00:00,99.00,99.00,99.00,
2024-10-15 17:10:00,2.03,10.00,5.63,196
2024-10-15 17:20:00,99.00,99.00,99.00,
2024-10-15 17:30:00,99.00,99.00,99.00,
2024-10-15 17:40:00,2.02,8.33,5.66,208
2024-10-15 17:50:00,99.00,99.00,99.00,
2024-10-15 18:00:00,99.00,99.00,99.00,
2024-10-15 18:10:00,2.07,9.09,5.32,185
2024-10-15 18:20:00,99.00,99.00,99.00,
2024-10-15 18:30:00,99.00,99.00,99.00,
2024-10-15 18:40:00,2.07,8.33,5.64,200
2024-10-15 18:50:00,99.00,99.00,99.00,
2024-10-15 19:00:00,99.00,99.00,99.00,
2024-10-15 19:10:00,2.06,8.33,5.66,220
2024-10-15 19:20:00,99.00,99.00,99.00,
2024-10-15 19:30:00,99.00,99.00,99.00,
2024-10-15 19:40:00,2.05,9.09,5.58,193
2024-10-15 19:50:00,99.00,99.00,99.00,
2024-10-15 20:00:00,99.00,99.00,99.00,
2024-10-15 20:10:00,2.00,6.67,5.61,251
2024-10-15 20:20:00,99.00,99.00,99.00,
2024-10-15 20:30:00,99.00,99.00,99.00,
2024-10-15 20:40:00,1.95,5.88,5.33,267
2024-10-15 20:50:00,99.00,99.00,99.00,
2024-10-15 21:00:00,99.00,99.00,99.00,
2024-10-15 21:10:00,1.90,6.25,5.39,262
2024-10-15 21:20:00,99.00,99.00,99.00,
2024-10-15 21:30:00,99.00,99.00,99.00,
2024-10-15 21:40:00,2.12,6.67,5.56,258
2024-10-15 21:50:00,99.00,99.00,99.00,
2024-10-15 22:00:00,99.00,99.00,99.00,
2024-10-15 22:10:00,2.16,7.14,5.55,231
2024-10-15 22:20:00,99.00,99.00,99.00,
2024-10-15 22:30:00,99.00,99.00,99.00,
2024-10-15 22:40:00,2.08,6.25,5.49,261
2024-10-15 22:50:00,99.00,99.00,99.00,
2024-10-15 23:00:00,99.00,99.00,99.00,
2024-10-15 23:10:00,2.00,6.25,5.39,264
2024-10-15 23:20:00,99.00,99.00,99.00,
2024-10-15 23:30:00,99.00,99.00,99.00,
2024-10-15 23:40:00,1.97,6.25,5.30,265
2024-10-15 23:50:00,99.00,99.00,99.00,
2024-10-16 00:00:00,99.00,99.00,99.00,
2024-10-16 00:10:00,2.06,6.67,5.35,254
2024-10-16 00:20:00,99.00,99.00,99.00,
2024-10-16 00:30:00,99.00,99.00,99.00,
2024-10-16 00:40:00,1.97,9.09,5.34,196
2024-10-16 00:50:00,99.00,99.00,99.00,
2024-10-16 01:00:00,99.00,99.00,99.00,
2024-10-16 01:10:00,1.95,5.88,5.18,268
2024-10-16 01:20:00,99.00,99.00,99.00,
2024-10-16 01:30:00,99.00,99.00,99.00,
2024-10-16 01:40:00,1.79,5.88,5.21,260
2024-10-16 01:50:00,99.00,99.00,99.00,
2024-10-16 02:00:00,99.00,99.00,99.00,
2024-10-16 02:10:00,1.62,5.56,4.76,269
2024-10-16 02:20:00,99.00,99.00,99.00,
2024-10-16 02:30:00,99.00,99.00,99.00,
2024-10-16 02:40:00,1.86,5.88,5.05,266
2024-10-16 02:50:00,99.00,99.00,99.00,
2024-10-16 03:00:00,99.00,99.00,99.00,
2024-10-16 03:10:00,1.76,5.56,5.00,282
2024-10-16 03:20:00,99.00,99.00,99.00,
2024-10-16 03:30:00,99.00,99.00,99.00,
2024-10-16 03:40:00,1.67,9.09,5.02,191
2024-10-16 03:50:00,99.00,99.00,99.00,
2024-10-16 04:00:00,99.00,99.00,99.00,
2024-10-16 04:10:00,1.69,5.56,4.98,293
2024-10-16 04:20:00,99.00,99.00,99.00,
2024-10-16 04:30:00,99.00,99.00,99.00,
2024-10-16 04:40:00,1.82,5.88,5.03,287
2024-10-16 04:50:00,99.00,99.00,99.00,
2024-10-16 05:00:00,99.00,99.00,99.00,
2024-10-16 05:10:00,1.81,9.09,5.10,188
2024-10-16 05:20:00,99.00,99.00,99.00,
2024-10-16 05:30:00,99.00,99.00,99.00,
2024-10-16 05:40:00,1.77,6.25,5.17,262
2024-10-16 05:50:00,99.00,99.00,99.00,
2024-10-16 06:00:00,99.00,99.00,99.00,
2024-10-16 06:10:00,1.73,6.25,5.11,264
2024-10-16 06:20:00,99.00,99.00,99.00,
2024-10-16 06:30:00,99.00,99.00,99.00,
2024-10-16 06:40:00,1.67,6.67,5.11,246
2024-10-16 06:50:00,99.00,99.00,99.00,
2024-10-16 07:00:00,99.00,99.00,99.00,
2024-10-16 07:10:00,1.73,7.14,5.15,236
2024-10-16 07:20:00,99.00,99.00,99.00,
2024-10-16 07:30:00,99.00,99.00,99.00,
2024-10-16 07:40:00,1.74,6.67,5.26,248
2024-10-16 07:50:00,99.00,99.00,99.00,
2024-10-16 08:00:00,99.00,99.00,99.00,
2024-10-16 08:10:00,1.96,6.67,5.38,243
2024-10-16 08:20:00,99.00,99.00,99.00,
2024-10-16 08:30:00,99.00,99.00,99.00,
2024-10-16 08:40:00,1.99,6.67,5.41,255
2024-10-16 08:50:00,99.00,99.00,99.00,
2024-10-16 09:00:00,99.00,99.00,99.00,
2024-10-16 09:10:00,1.94,7.14,5.32,242
2024-10-16 09:20:00,99.00,99.00,99.00,
2024-10-16 09:30:00,99.00,99.00,99.00,
2024-10-16 09:40:00,2.04,7.14,5.44,248
2024-10-16 09:50:00,99.00,99.00,99.00,
2024-10-16 10:00:00,99.00,99.00,99.00,
2024-10-16 10:10:00,2.12,7.14,5.40,249
2024-10-16 10:20:00,99.00,99.00,99.00,
2024-10-16 10:30:00,99.00,99.00,99.00,
2024-10-16 10:40:00,2.31,7.14,5.56,252
2024-10-16 10:50:00,99.00,99.00,99.00,
2024-10-16 11:00:00,99.00,99.00,99.00,
2024-10-16 11:10:00,2.39,7.14,5.40,257
2024-10-16 11:20:00,99.00,99.00,99.00,
2024-10-16 11:30:00,99.00,99.00,99.00,
2024-10-16 11:40:00,2.45,7.14,5.55,254
2024-10-16 11:50:00,99.00,99.00,99.00,
2024-10-16 12:00:00,99.00,99.00,99.00,
2024-10-16 12:10:00,2.61,7.14,5.62,262
2024-10-16 12:20:00,99.00,99.00,99.00,
2024-10-16 12:30:00,99.00,99.00,99.00,
2024-10-16 12:40:00,2.52,7.14,5.51,261
2024-10-16 12:50:00,99.00,99.00,99.00,
2024-10-16 13:00:00,99.00,99.00,99.00,
2024-10-16 13:10:00,2.54,7.14,5.56,264
2024-10-16 13:20:00,99.00,99.00,99.00,
2024-10-16 13:30:00,99.00,99.00,99.00,
2024-10-16 13:40:00,2.61,7.14,5.56,271
2024-10-16 13:50:00,99.00,99.00,99.00,
2024-10-16 14:00:00,99.00,99.00,99.00,
2024-10-16 14:10:00,2.53,7.69,5.59,265
2024-10-16 14:20:00,99.00,99.00,99.00,
2024-10-16 14:30:00,99.00,99.00,99.00,
2024-10-16 14:40:00,2.57,7.69,5.51,267
2024-10-16 14:50:00,99.00,99.00,99.00,
2024-10-16 15:00:00,99.00,99.00,99.00,
2024-10-16 15:10:00,2.44,7.14,5.35,272
2024-10-16 15:20:00,99.00,99.00,99.00,
2024-10-16 15:30:00,99.00,99.00,99.00,
2024-10-16 15:40:00,2.35,7.14,5.40,274
2024-10-16 15:50:00,99.00,99.00,99.00,
2024-10-16 16:00:00,99.00,99.00,99.00,
2024-10-16 16:10:00,2.37,7.14,5.40,279
2024-10-16 16:20:00,99.00,99.00,99.00,
2024-10-16 16:30:00,99.00,99.00,99.00,
2024-10-16 16:40:00,2.17,6.67,5.29,282
2024-10-16 16:50:00,99.00,99.00,99.00,
2024-10-16 17:00:00,99.00,99.00,99.00,
2024-10-16 17:10:00,2.29,7.14,5.49,275
2024-10-16 17:20:00,99.00,99.00,99.00,
2024-10-16 17:30:00,99.00,99.00,99.00,
2024-10-16 17:40:00,2.20,7.14,5.46,267
2024-10-16 17:50:00,99.00,99.00,99.00,
2024-10-16 18:00:00,99.00,99.00,99.00,
2024-10-16 18:10:00,1.99,7.69,5.33,269
2024-10-16 18:20:00,99.00,99.00,99.00,
2024-10-16 18:30:00,99.00,99.00,99.00,
2024-10-16 18:40:00,2.04,7.69,5.60,253
2024-10-16 18:50:00,99.00,99.00,99.00,
2024-10-16 19:00:00,99.00,99.00,99.00,
2024-10-16 19:10:00,1.81,7.69,5.31,247
2024-10-16 19:20:00,99.00,99.00,99.00,
2024-10-16 19:30:00,99.00,99.00,99.00,
2024-10-16 19:40:00,1.93,7.69,5.49,254
2024-10-16 19:50:00,99.00,99.00,99.00,
2024-10-16 20:00:00,99.00,99.00,99.00,
2024-10-16 20:10:00,1.78,7.69,5.59,254
2024-10-16 20:20:00,99.00,99.00,99.00,
2024-10-16 20:30:00,99.00,99.00,99.00,
2024-10-16 20:40:00,1.72,7.14,5.59,246
2024-10-16 20:50:00,99.00,99.00,99.00,
2024-10-16 21:00:00,99.00,99.00,99.00,
2024-10-16 21:10:00,1.69,7.69,5.58,250
2024-10-16 21:20:00,99.00,99.00,99.00,
2024-10-16 21:30:00,99.00,99.00,99.00,
2024-10-16 21:40:00,1.58,7.14,5.36,240
2024-10-16 21:50:00,99.00,99.00,99.00,
2024-10-16 22:00:00,99.00,99.00,99.00,
2024-10-16 22:10:00,1.55,7.69,5.40,258
2024-10-16 22:20:00,99.00,99.00,99.00,
2024-10-16 22:30:00,99.00,99.00,99.00,
2024-10-16 22:40:00,1.66,6.67,5.58,255
2024-10-16 22:50:00,99.00,99.00,99.00,
2024-10-16 23:00:00,99.00,99.00,99.00,
2024-10-16 23:10:00,1.37,7.14,5.26,260
2024-10-16 23:20:00,99.00,99.00,99.00,
2024-10-16 23:30:00,99.00,99.00,99.00,
2024-10-16 23:40:00,1.48,7.14,5.47,249
2024-10-16 23:50:00,99.00,99.00,99.00,
2024-10-17 00:00:00,99.00,99.00,99.00,
2024-10-17 00:10:00,1.42,7.14,5.37,260
2024-10-17 00:20:00,99.00,99.00,99.00,
2024-10-17 00:30:00,99.00,99.00,99.00,
2024-10-17 00:40:00,1.47,6.67,5.43,260
2024-10-17 00:50:00,99.00,99.00,99.00,
2024-10-17 01:00:00,99.00,99.00,99.00,
2024-10-17 01:10:00,1.30,6.67,5.19,255
2024-10-17 01:20:00,99.00,99.00,99.00,
2024-10-17 01:30:00,99.00,99.00,99.00,
2024-10-17 01:40:00,1.21,6.67,5.07,259
2024-10-17 01:50:00,99.00,99.00,99.00,
2024-10-17 02:00:00,99.00,99.00,99.00,
2024-10-17 02:10:00,1.27,6.67,5.21,262
2024-10-17 02:20:00,99.00,99.00,99.00,
2024-10-17 02:30:00,99.00,99.00,99.00,
2024-10-17 02:40:00,1.22,6.25,4.96,253
2024-10-17 02:50:00,99.00,99.00,99.00,
2024-10-17 03:00:00,99.00,99.00,99.00,
2024-10-17 03:10:00,1.17,6.67,4.94,259
2024-10-17 03:20:00,99.00,99.00,99.00,
2024-10-17 03:30:00,99.00,99.00,99.00,
2024-10-17 03:40:00,1.20,6.25,4.73,284
2024-10-17 03:50:00,99.00,99.00,99.00,
2024-10-17 04:00:00,99.00,99.00,99.00,
2024-10-17 04:10:00,1.15,5.56,4.58,294
2024-10-17 04:20:00,99.00,99.00,99.00,
2024-10-17 04:30:00,99.00,99.00,99.00,
2024-10-17 04:40:00,1.27,6.25,4.73,298
2024-10-17 04:50:00,99.00,99.00,99.00,
2024-10-17 05:00:00,99.00,99.00,99.00,
2024-10-17 05:10:00,1.26,6.67,4.45,280
2024-10-17 05:20:00,99.00,99.00,99.00,
2024-10-17 05:30:00,99.00,99.00,99.00,
2024-10-17 05:40:00,1.19,6.25,4.36,342
2024-10-17 05:50:00,99.00,99.00,99.00,
2024-10-17 06:00:00,99.00,99.00,99.00,
2024-10-17 06:10:00,1.21,6.25,4.27,6
2024-10-17 06:20:00,99.00,99.00,99.00,
2024-10-17 06:30:00,99.00,99.00,99.00,
2024-10-17 06:40:00,1.20,5.00,4.13,344
2024-10-17 06:50:00,99.00,99.00,99.00,
2024-10-17 07:00:00,99.00,99.00,99.00,
2024-10-17 07:10:00,1.23,5.88,4.35,340
2024-10-17 07:20:00,99.00,99.00,99.00,
2024-10-17 07:30:00,99.00,99.00,99.00,
2024-10-17 07:40:00,1.04,5.88,4.31,317
2024-10-17 07:50:00,99.00,99.00,99.00,
2024-10-17 08:00:00,99.00,99.00,99.00,
2024-10-17 08:10:00,1.07,5.88,4.32,349
2024-10-17 08:20:00,99.00,99.00,99.00,
2024-10-17 08:30:00,99.00,99.00,99.00,
2024-10-17 08:40:00,0.98,6.25,4.41,246
2024-10-17 08:50:00,99.00,99.00,99.00,
2024-10-17 09:00:00,99.00,99.00,99.00,
2024-10-17 09:10:00,1.03,5.88,4.37,348
2024-10-17 09:20:00,99.00,99.00,99.00,
2024-10-17 09:30:00,99.00,99.00,99.00,
2024-10-17 09:40:00,0.93,6.25,4.43,260
2024-10-17 09:50:00,99.00,99.00,99.00,
2024-10-17 10:00:00,99.00,99.00,99.00,
2024-10-17 10:10:00,0.88,5.88,4.24,355
2024-10-17 10:20:00,99.00,99.00,99.00,
2024-10-17 10:30:00,99.00,99.00,99.00,
2024-10-17 10:40:00,0.95,6.25,4.43,36
2024-10-17 10:50:00,99.00,99.00,99.00,
2024-10-17 11:00:00,99.00,99.00,99.00,
2024-10-17 11:10:00,0.93,5.56,4.41,349
2024-10-17 11:20:00,99.00,99.00,99.00,
2024-10-17 11:30:00,99.00,99.00,99.00,
2024-10-17 11:40:00,0.91,5.88,4.34,20
2024-10-17 11:50:00,99.00,99.00,99.00,
2024-10-17 12:00:00,99.00,99.00,99.00,
2024-10-17 12:10:00,0.91,6.25,4.16,21
2024-10-17 12:20:00,99.00,99.00,99.00,
2024-10-17 12:30:00,99.00,99.00,99.00,
2024-10-17 12:40:00,0.98,6.25,4.24,33
2024-10-17 12:50:00,99.00,99.00,99.00,
2024-10-17 13:00:00,99.00,99.00,99.00,
2024-10-17 13:10:00,1.04,4.76,4.13,3
2024-10-17 13:20:00,99.00,99.00,99.00,
2024-10-17 13:30:00,99.00,99.00,99.00,
2024-10-17 13:40:00,1.14,5.00,4.28,0
2024-10-17 13:50:00,99.00,99.00,99.00,
2024-10-17 14:00:00,99.00,99.00,99.00,
2024-10-17 14:10:00,1.16,4.76,4.32,16
2024-10-17 14:20:00,99.00,99.00,99.00,
2024-10-17 14:30:00,99.00,99.00,99.00,
2024-10-17 14:40:00,1.22,4.55,4.36,54
2024-10-17 14:50:00,99.00,99.00,99.00,
2024-10-17 15:00:00,99.00,99.00,99.00,
2024-10-17 15:10:00,1.28,5.00,4.31,39
2024-10-17 15:20:00,99.00,99.00,99.00,
2024-10-17 15:30:00,99.00,99.00,99.00,
2024-10-17 15:40:00,1.37,4.76,4.34,48
2024-10-17 15:50:00,99.00,99.00,99.00,
2024-10-17 16:00:00,99.00,99.00,99.00,
2024-10-17 16:10:00,1.48,5.00,4.32,52
2024-10-17 16:20:00,99.00,99.00,99.00,
2024-10-17 16:30:00,99.00,99.00,99.00,
2024-10-17 16:40:00,1.67,5.00,4.35,61
2024-10-17 16:50:00,99.00,99.00,99.00,
2024-10-17 17:00:00,99.00,99.00,99.00,
2024-10-17 17:10:00,1.46,5.00,4.26,65
2024-10-17 17:20:00,99.00,99.00,99.00,
2024-10-17 17:30:00,99.00,99.00,99.00,
2024-10-17 17:40:00,1.51,5.00,4.28,54
2024-10-17 17:50:00,99.00,99.00,99.00,
2024-10-17 18:00:00,99.00,99.00,99.00,
2024-10-17 18:10:00,1.54,5.00,4.36,60
2024-10-17 18:20:00,99.00,99.00,99.00,
2024-10-17 18:30:00,99.00,99.00,99.00,
2024-10-17 18:40:00,1.56,5.26,4.36,60
2024-10-17 18:50:00,99.00,99.00,99.00,
2024-10-17 19:00:00,99.00,99.00,99.00,
2024-10-17 19:10:00,1.64,5.26,4.34,47
2024-10-17 19:20:00,99.00,99.00,99.00,
2024-10-17 19:30:00,99.00,99.00,99.00,
2024-10-17 19:40:00,1.61,5.56,4.27,52
2024-10-17 19:50:00,99.00,99.00,99.00,
2024-10-17 20:00:00,99.00,99.00,99.00,
2024-10-17 20:10:00,1.75,5.26,4.37,56
2024-10-17 20:20:00,99.00,99.00,99.00,
2024-10-17 20:30:00,99.00,99.00,99.00,
2024-10-17 20:40:00,1.78,5.26,4.51,56
2024-10-17 20:50:00,99.00,99.00,99.00,
2024-10-17 21:00:00,99.00,99.00,99.00,
2024-10-17 21:10:00,1.86,5.26,4.49,59
2024-10-17 21:20:00,99.00,99.00,99.00,
2024-10-17 21:30:00,99.00,99.00,99.00,
2024-10-17 21:40:00,1.81,5.56,4.58,67
2024-10-17 21:50:00,99.00,99.00,99.00,
2024-10-17 22:00:00,99.00,99.00,99.00,
2024-10-17 22:10:00,1.94,5.56,4.77,69
2024-10-17 22:20:00,99.00,99.00,99.00,
2024-10-17 22:30:00,99.00,99.00,99.00,
2024-10-17 22:40:00,2.00,5.56,4.79,69
2024-10-17 22:50:00,99.00,99.00,99.00,
2024-10-17 23:00:00,99.00,99.00,99.00,
2024-10-17 23:10:00,2.06,5.88,4.85,76
2024-10-17 23:20:00,99.00,99.00,99.00,
2024-10-17 23:30:00,99.00,99.00,99.00,
2024-10-17 23:40:00,2.37,5.88,5.19,67
2024-10-17 23:50:00,99.00,99.00,99.00,
2024-10-18 00:00:00,99.00,99.00,99.00,
2024-10-18 00:10:00,2.40,5.88,5.18,72
2024-10-18 00:20:00,99.00,99.00,99.00,
2024-10-18 00:30:00,99.00,99.00,99.00,
2024-10-18 00:40:00,2.70,6.25,5.47,63
2024-10-18 00:50:00,99.00,99.00,99.00,
2024-10-18 01:00:00,99.00,99.00,99.00,
2024-10-18 01:10:00,3.24,7.14,5.87,73
2024-10-18 01:20:00,99.00,99.00,99.00,
2024-10-18 01:30:00,99.00,99.00,99.00,
2024-10-18 01:40:00,3.15,7.14,6.04,68
2024-10-18 01:50:00,99.00,99.00,99.00,
2024-10-18 02:00:00,99.00,99.00,99.00,
2024-10-18 02:10:00,2.89,7.69,5.88,82
2024-10-18 02:20:00,99.00,99.00,99.00,
2024-10-18 02:30:00,99.00,99.00,99.00,
2024-10-18 02:40:00,3.08,7.69,6.07,60
2024-10-18 02:50:00,99.00,99.00,99.00,
2024-10-18 03:00:00,99.00,99.00,99.00,
2024-10-18 03:10:00,3.26,7.69,6.35,60
2024-10-18 03:20:00,99.00,99.00,99.00,
2024-10-18 03:30:00,99.00,99.00,99.00,
2024-10-18 03:40:00,3.47,8.33,6.29,74
2024-10-18 03:50:00,99.00,99.00,99.00,
2024-10-18 04:00:00,99.00,99.00,99.00,
2024-10-18 04:10:00,3.63,7.69,6.43,58
2024-10-18 04:20:00,99.00,99.00,99.00,
2024-10-18 04:30:00,99.00,99.00,99.00,
2024-10-18 04:40:00,3.39,7.14,6.22,44
2024-10-18 04:50:00,99.00,99.00,99.00,
2024-10-18 05:00:00,99.00,99.00,99.00,
2024-10-18 05:10:00,4.02,8.33,6.57,70
2024-10-18 05:20:00,99.00,99.00,99.00,
2024-10-18 05:30:00,99.00,99.00,99.00,
2024-10-18 05:40:00,3.66,7.69,6.29,49
2024-10-18 05:50:00,99.00,99.00,99.00,
2024-10-18 06:00:00,99.00,99.00,99.00,
2024-10-18 06:10:00,3.56,9.09,6.47,83
2024-10-18 06:20:00,99.00,99.00,99.00,
2024-10-18 06:30:00,99.00,99.00,99.00,
2024-10-18 06:40:00,3.73,8.33,6.41,59
2024-10-18 06:50:00,99.00,99.00,99.00,
2024-10-18 07:00:00,99.00,99.00,99.00,
2024-10-18 07:10:00,3.51,7.69,6.42,45
2024-10-18 07:20:00,99.00,99.00,99.00,
2024-10-18 07:30:00,99.00,99.00,99.00,
2024-10-18 07:40:00,3.68,8.33,6.40,58
2024-10-18 07:50:00,99.00,99.00,99.00,
2024-10-18 08:00:00,99.00,99.00,99.00,
2024-10-18 08:10:00,3.73,7.69,6.55,57
2024-10-18 08:20:00,99.00,99.00,99.00,
2024-10-18 08:30:00,99.00,99.00,99.00,
2024-10-18 08:40:00,3.58,8.33,6.39,59
2024-10-18 08:50:00,99.00,99.00,99.00,
2024-10-18 09:00:00,99.00,99.00,99.00,
2024-10-18 09:10:00,3.77,7.69,6.69,57
2024-10-18 09:20:00,99.00,99.00,99.00,
2024-10-18 09:30:00,99.00,99.00,99.00,
